algo,input,mode,threads,run,instructions,cycles,cpi,ipc,branch_miss_rate,cache_miss_rate,stalled_be_ratio,L1_dcache_load_misses,LLC_load_misses,dTLB_load_misses,iTLB_load_misses,time_sec,energy_pkg_joules,energy_ram_joules,energy_total_joules,power_watts,edp,ed2p
bitonicsort,100,parallel,2,1,855476.0,1522326.0,1.7795075490136485,0.5619532215832876,0.09698989464631262,0.2209718347597207,0.0,20243.0,771.0,613.0,623.0,0.002012249,0.06,0.0,0.06,29.817383435151417,0.00012073493999999998,2.4294876228005995e-07
bitonicsort,100,parallel,4,1,30200416.0,766564721.0,25.382588140507732,0.03939708568978092,0.0016591036665849859,0.44320528707145807,0.0,23393.0,1059.0,694.0,681.0,0.0726405165,0.34,0.02,0.36000000000000004,4.955911898010803,0.026150585940000005,0.0018995920694592384
bitonicsort,100,parallel,8,1,1149175.0,8607529.0,7.490181216959993,0.13350811829968856,0.0681348363164908,0.1413161545658884,0.0,24095.0,590.0,674.0,700.0,0.0019927499999999997,0.06,0.0,0.06,30.109145652992098,0.00011956499999999998,2.3826315374999994e-07
bitonicsort,100,serial,1,1,813105.0,1085998.0,1.3356184010675127,0.7487168484656509,0.08557360795006422,0.26745056297503617,0.0,16502.0,676.0,595.0,587.0,0.004669616,0.05,0.0,0.05,10.707518562554181,0.0002334808,1.0902656793727998e-06
bitonicsort,500,parallel,2,1,1115126.0,1870904.0,1.6777512137641846,0.5960359270170997,0.09960409235231861,0.19328296270856588,0.0,19910.0,672.0,634.0,635.0,0.001813515,0.06,0.01,0.06999999999999999,38.599074173635174,0.00012694604999999998,2.3021856586574996e-07
bitonicsort,500,parallel,4,1,1161190.0,2708624.0,2.33262773534047,0.4287010674054428,0.10222094180503902,0.14665560096229607,0.0,24898.0,629.0,674.0,627.0,0.001817054,0.04,0.0,0.04,22.01365507024007,7.268216e-05,1.3206740955664e-07
bitonicsort,500,parallel,8,1,1315760.0,6370942.0,4.8420243813461425,0.20652518889671262,0.09276852361625033,0.12415746966045076,0.0,29941.0,654.0,703.0,683.0,0.0019953395000000002,0.06,0.0,0.06,30.070070782440776,0.00011972037000000001,2.3888278321561506e-07
bitonicsort,500,serial,1,1,1057852.0,1422892.0,1.3450766269761742,0.7434520680417066,0.09607582253322164,0.23204574466224842,0.0,16370.0,694.0,576.0,606.0,0.0017378925,0.1,0.01,0.11,63.29505421077541,0.000191168175,3.322297375711875e-07
bitonicsort,1000,parallel,2,1,1528351.0,2243211.0,1.467732870263441,0.6813228893759883,0.09567015483997687,0.17583333333333334,0.0,20272.0,635.0,633.0,582.0,0.001858681,0.06,0.01,0.06999999999999999,37.66111559756622,0.00013010767,2.4182865418327e-07
bitonicsort,1000,parallel,4,1,1584310.0,3494643.0,2.205782327953494,0.45335389051184916,0.10322333681169148,0.18410533740888785,0.0,26381.0,657.0,638.0,650.0,0.0020045055,0.06,0.0,0.06,29.93256940427452,0.00012027033,2.4108253797181496e-07
bitonicsort,1000,parallel,8,1,1737598.0,6960950.0,4.006076204047196,0.24962081325106486,0.09942325800376647,0.10250367984962717,0.0,34145.0,629.0,714.0,712.0,0.00204005,0.06,0.0,0.06,29.411043846964535,0.000122403,2.4970824014999995e-07
bitonicsort,1000,serial,1,1,1461286.0,1750132.0,1.1976656178188254,0.8349575917702208,0.09486860488512669,0.22590807367877433,0.0,16554.0,715.0,591.0,617.0,0.002454546,0.05,0.0,0.05,20.370365843622405,0.0001227273,3.0123980330580006e-07
bitonicsort,5000,parallel,2,1,9336888.0,6421620.0,0.6877687726360218,1.4539770338325844,0.04055562170978846,0.21582759869612458,0.0,24022.0,668.0,667.0,609.0,0.0025587229999999997,0.08,0.0,0.08,31.26559615870886,0.00020469783999999997,5.237650712583198e-07
bitonicsort,5000,parallel,4,1,9460528.0,8737697.0,0.9235950678439935,1.082725574027115,0.0394021452847048,0.14291720414695905,0.0,33602.0,699.0,652.0,623.0,0.0023647019999999998,0.06,0.0,0.06,25.373175985811322,0.00014188211999999998,3.355089329282399e-07
bitonicsort,5000,parallel,8,1,9768497.0,17474644.0,1.788877449621984,0.5590097858359804,0.04350602138533135,0.1029948915261728,0.0,44424.0,609.0,727.0,728.0,0.0035096125000000002,0.05,0.0,0.05,14.246587051989358,0.00017548062500000002,6.158689950078126e-07
bitonicsort,5000,serial,1,1,9212995.0,5325320.0,0.5780226734085929,1.730035941502107,0.03747121515558321,0.2042445645806484,0.0,19816.0,606.0,582.0,535.0,0.0032117095,0.08,0.0,0.08,24.908853057849722,0.00025693676,8.252062329912199e-07
bitonicsort,10000,parallel,2,1,20321160.0,11686912.0,0.5751104759767651,1.7387963561289757,0.02950822674980843,0.15749274290570744,0.0,74387.0,1003.0,729.0,714.0,0.009271083500000001,0.14,0.01,0.15000000000000002,16.17933869326061,0.0013906625250000003,1.2892948389595841e-05
bitonicsort,10000,parallel,4,1,33548897.0,354907987.0,10.578827286035663,0.09452843618309441,0.01737821992219402,0.18154567774561178,0.0,51180.0,610.0,700.0,722.0,0.017610655,0.1,0.0,0.1,5.678380503166975,0.0017610655,3.10135169529025e-05
bitonicsort,10000,parallel,8,1,20720477.0,24574997.0,1.1860246750111014,0.843152778411326,0.037148655002859826,0.07869944722534364,0.0,55938.0,674.0,729.0,727.0,0.0031908600000000002,0.09,0.0,0.09,28.205562136853384,0.00028717740000000003,9.163428785640002e-07
bitonicsort,10000,serial,1,1,20137321.0,10333968.0,0.513174915372308,1.9486533149705902,0.03172997895848675,0.2246040142907524,0.0,127797.0,646.0,607.0,590.0,0.0041489795,0.12,0.0,0.12,28.92277486548198,0.00049787754,2.06568370697043e-06
bitonicsort,50000,parallel,2,1,101957657.0,48350975.0,0.47422603091006693,2.1086990903492637,0.02745778010193409,0.0655607813228253,0.0,611603.0,1117.0,856.0,664.0,0.008537590000000001,0.3,0.02,0.32,37.481303271766386,0.0027320288000000003,2.3324941762592005e-05
bitonicsort,50000,parallel,4,1,102172918.0,51241478.0,0.501517222009848,1.9939494719492674,0.026838898418186544,0.06369163944080392,0.0,620807.0,1000.0,826.0,711.0,0.005935322999999999,0.21,0.01,0.22,37.06622200678885,0.0013057710599999998,7.750173005152378e-06
bitonicsort,50000,parallel,8,1,102763668.0,88178049.0,0.8580663839286079,1.165410997015822,0.031156886626706168,0.049744078992712326,0.0,634599.0,703.0,887.0,814.0,0.005616504,0.19,0.01,0.2,35.60933990254436,0.0011233007999999999,6.309023436403199e-06
bitonicsort,50000,serial,1,1,101614195.0,47648744.0,0.46891818608610736,2.1325681743048674,0.028508215826556344,0.023459233211372277,0.0,595473.0,718.0,736.0,688.0,0.013618297,0.41,0.01,0.42,30.84086064505716,0.00571968474,7.789236553568777e-05
bitonicsort,100000,parallel,2,1,227316602.0,103936285.0,0.45723138602960467,2.1870764574662256,0.024910133044769033,0.014474289147658304,0.0,1334361.0,1374.0,836.0,669.0,0.0159600155,0.55,0.02,0.5700000000000001,35.7142510293928,0.009097208835000002,0.00014519159401333697
bitonicsort,100000,parallel,4,1,227522988.0,107260308.0,0.47142624550975043,2.1212225868305357,0.02556676544834297,0.03582085769857008,0.0,1352886.0,895.0,893.0,746.0,0.0105500855,0.4,0.01,0.41000000000000003,38.86224429176427,0.004325535055,4.5634764663497205e-05
bitonicsort,100000,parallel,8,1,228207501.0,167646397.0,0.7346226406466806,1.3612430990688098,0.027008549952899863,0.030480352238674097,0.0,1367950.0,795.0,955.0,852.0,0.0095157295,0.32,0.01,0.33,34.67942210841534,0.0031401907350000003,2.9881205612666186e-05
bitonicsort,100000,serial,1,1,226699067.0,99054245.0,0.43694156447498744,2.2886355551950346,0.024155416580038565,0.02768402682236403,0.0,1314175.0,985.0,951.0,680.0,0.0431113475,0.79,0.03,0.8200000000000001,19.020514262515224,0.03535130495,0.0015240423922779202
bottomupsort,100,parallel,2,1,808228.0,1355887.0,1.67760458682451,0.5960880220844362,0.07871297066330188,0.26730176994145316,0.0,17200.0,589.0,619.0,611.0,0.0026996075000000003,0.05,0.0,0.05,18.52121095381458,0.00013498037500000003,3.6439403270281263e-07
bottomupsort,100,parallel,4,1,829550.0,1787076.0,2.154271593032367,0.4641940242049023,0.07899727424018754,0.24680119274884432,0.0,17912.0,572.0,645.0,610.0,0.0023878090000000003,0.04,0.0,0.04,16.751758620559684,9.551236000000001e-05,2.2806527281924005e-07
bottomupsort,100,parallel,8,1,899809.0,3524212.0,3.9166223054003684,0.2553220407852876,0.07033935871546076,0.23645048396758836,0.0,18865.0,591.0,694.0,707.0,0.0024240365,0.04,0.0,0.04,16.501401690939886,9.696146e-05,2.3503811813328997e-07
bottomupsort,100,serial,1,1,688644.0,890573.0,1.2932269793971922,0.7732594632893653,0.08092846513605442,0.2739190116678106,0.0,13486.0,407.0,518.0,475.0,0.0025413135,0.05,0.0,0.05,19.67486498615775,0.000127065675,3.229137152641125e-07
bottomupsort,500,parallel,2,1,896223.0,1438455.0,1.6050190633357992,0.6230455592979968,0.09493885172569459,0.21468180187232933,0.0,17578.0,618.0,615.0,673.0,0.001717867,0.06,0.0,0.06,34.927034514313384,0.00010307202,1.7706402178134e-07
bottomupsort,500,parallel,4,1,917965.0,1888777.0,2.0575697330508245,0.48601025954890387,0.09289191724192691,0.1837230621480436,0.0,18421.0,604.0,652.0,642.0,0.001886184,0.05,0.0,0.05,26.50854847671277,9.430920000000001e-05,1.778845040928e-07
bottomupsort,500,parallel,8,1,1065552.0,5648674.0,5.3011715993212905,0.18863754573197178,0.07619238637731157,0.21163771574449192,0.0,19661.0,571.0,691.0,672.0,0.001945754,0.05,0.0,0.05,25.69697916591717,9.728770000000001e-05,1.8929793142580004e-07
bottomupsort,500,serial,1,1,780152.0,1113422.0,1.427185984269732,0.7006795267203271,0.09469782789289927,0.2390815604313252,0.0,13586.0,403.0,489.0,485.0,0.0015154835,0.06,0.0,0.06,39.591325144747536,9.092901e-05,1.3780141432633498e-07
bottomupsort,1000,parallel,2,1,1016472.0,1627678.0,1.601301363933291,0.6244920678414281,0.09621504684259458,0.23599004735532547,0.0,17636.0,620.0,640.0,616.0,0.0017182324999999998,0.06,0.0,0.06,34.91960488467073,0.00010309394999999998,1.7713937544337494e-07
bottomupsort,1000,parallel,4,1,1041569.0,2150496.0,2.0646697434351444,0.4843389618023005,0.0958106607080342,0.21105158875761357,0.0,18724.0,598.0,644.0,670.0,0.00175162,0.06,0.0,0.06,34.25400486406869,0.00010509719999999999,1.8409035746399996e-07
bottomupsort,1000,parallel,8,1,1152985.0,4968183.0,4.308974531325212,0.2320737782807115,0.08415322641029097,0.1790915542938254,0.0,20211.0,598.0,688.0,662.0,0.001933329,0.06,0.0,0.06,31.034552318824165,0.00011599974,2.2426566133445998e-07
bottomupsort,1000,serial,1,1,897433.0,1184515.0,1.3198924042240479,0.7576375140880445,0.09746232435509483,0.21660323401392015,0.0,13655.0,408.0,482.0,475.0,0.001497438,0.03,0.0,0.03,20.034218445104237,4.492314e-05,6.726961691532e-08
bottomupsort,5000,parallel,2,1,2090954.0,2869946.0,1.3725533895054602,0.7285691089658133,0.10348961245556228,0.2062600915460619,0.0,20191.0,619.0,642.0,613.0,0.0019841785000000002,0.03,0.0,0.03,15.119607434512568,5.952535500000001e-05,1.1810892959586753e-07
bottomupsort,5000,parallel,4,1,2127999.0,3777128.0,1.7749669995145674,0.5633907561512345,0.102566221328276,0.21563386206054355,0.0,21951.0,636.0,661.0,666.0,0.001976839,0.06,0.0,0.06,30.351485376401413,0.00011861034,2.3447354591526002e-07
bottomupsort,5000,parallel,8,1,2250329.0,6998051.0,3.1097901684598117,0.32156510434119445,0.09652724589490203,0.16200029038815217,0.0,24061.0,645.0,710.0,732.0,0.002084572,0.06,0.0,0.06,28.78288684679637,0.00012507432,2.6072642539104e-07
bottomupsort,5000,serial,1,1,1984080.0,2246889.0,1.1324588726261038,0.8830342753914412,0.10315797666379126,0.21706655539328187,0.0,21587.0,420.0,475.0,495.0,0.0017726515,0.06,0.0,0.06,33.8476006141083,0.00010635909,1.88537600427135e-07
bottomupsort,10000,parallel,2,1,3497601.0,4517410.0,1.2915738530495617,0.7742491826068477,0.10646592916509803,0.2154847011724335,0.0,34963.0,616.0,645.0,609.0,0.0022157615,0.06,0.0,0.06,27.078726658983832,0.00013294569,2.94575941492935e-07
bottomupsort,10000,parallel,4,1,3545622.0,5652573.0,1.5942401643491608,0.627258064601731,0.10659166425717279,0.18065711964249442,0.0,25511.0,638.0,678.0,696.0,0.0021811779999999998,0.06,0.0,0.06,27.50807132659508,0.00013087068,2.8545224806103995e-07
bottomupsort,10000,parallel,8,1,3719878.0,10459154.0,2.8116927490632757,0.35565763731942374,0.10035000649805781,0.168000093300989,0.0,28339.0,583.0,731.0,683.0,0.002259861,0.06,0.0,0.06,26.550305527640855,0.00013559166,3.0641830435926003e-07
bottomupsort,10000,serial,1,1,3359068.0,3604749.0,1.0731396327790923,0.9318451853374534,0.10775651695095549,0.2377627989086824,0.0,31879.0,412.0,507.0,536.0,0.0021461155000000003,0.05,0.0,0.05,23.297907312071505,0.00010730577500000002,2.3029058696701258e-07
bottomupsort,50000,parallel,2,1,15582286.0,18753126.0,1.2034900399081367,0.8309167228972919,0.11344485492507575,0.09784045835169679,0.0,121408.0,658.0,746.0,746.0,0.004486146,0.11,0.0,0.11,24.519933145287737,0.0004934760599999999,2.2138056526647596e-06
bottomupsort,50000,parallel,4,1,15734622.0,22567719.0,1.4342714429364747,0.6972180927988336,0.11280225401200912,0.11266876590605185,0.0,122400.0,635.0,776.0,750.0,0.0038777300000000002,0.14,0.0,0.14,36.10359669187901,0.0005428822000000001,2.1051505934060007e-06
bottomupsort,50000,parallel,8,1,16169199.0,36355129.0,2.248418675532412,0.4447570245177785,0.10896954390878176,0.08854296079113452,0.0,124869.0,629.0,896.0,828.0,0.0038307855,0.13,0.0,0.13,33.93559884780811,0.000498002115,1.9077392811113324e-06
bottomupsort,50000,serial,1,1,15373479.0,15881000.0,1.033012761782808,0.968042251747371,0.11487132822537187,0.04305087982200157,0.0,117186.0,428.0,492.0,487.0,0.0053414365,0.14,0.0,0.14,26.210177730279113,0.0007478011100000001,3.994332143694516e-06
bottomupsort,100000,parallel,2,1,31527763.0,37302623.0,1.1831674514934662,0.8451889026677829,0.1158224061598584,0.032736225912619654,0.0,249842.0,606.0,746.0,671.0,0.0074586470000000005,0.19,0.0,0.19,25.47378901294028,0.0014171429300000001,1.0569968863415711e-05
bottomupsort,100000,parallel,4,1,31824189.0,44894843.0,1.4107144411441246,0.7088606813927382,0.1147390189120718,0.04532518151462218,0.0,250887.0,611.0,862.0,691.0,0.006055128999999999,0.17,0.0,0.17,28.075372134928923,0.00102937193,6.2329798251289695e-06
bottomupsort,100000,parallel,8,1,117683822.0,2290615359.0,19.464148258203238,0.05137650960804546,0.024682827345413456,0.27310395732331283,0.0,254877.0,647.0,1009.0,726.0,0.047155111,0.15,0.0,0.15,3.180991345773738,0.00707326665,0.0003335406740133481
bottomupsort,100000,serial,1,1,31678523.0,32270745.0,1.0186947478580362,0.9816483319489525,0.11562914265616968,0.018953560471096132,0.0,245552.0,438.0,534.0,522.0,0.009658173999999999,0.26,0.01,0.27,27.955594918873906,0.00260770698,2.5185687753854515e-05
combsort,100,parallel,2,1,810877.0,1338810.0,1.6510642181243271,0.6056699606366848,0.09250898046201922,0.24274479217444997,0.0,17308.0,635.0,634.0,629.0,0.001700221,0.06,0.0,0.06,35.28953000815776,0.00010201325999999999,1.7344508693046e-07
combsort,100,parallel,4,1,830240.0,1758666.0,2.118262189246483,0.47208509176841995,0.08829923598601849,0.22390957196981556,0.0,17699.0,639.0,652.0,646.0,0.0017350835,0.06,0.0,0.06,34.58046831751901,0.00010410501,1.80630885118335e-07
combsort,100,parallel,8,1,794436.0,1155944.0,1.4550498718587779,0.6872616666551321,0.09244314013206163,0.22206501483884325,0.0,16367.0,605.0,594.0,583.0,0.0016426775000000001,0.05,0.0,0.05,30.438110949958222,8.213387500000001e-05,1.3491946845031252e-07
combsort,100,serial,1,1,788126.0,1168401.0,1.4825053354412874,0.6745338287112045,0.09293238498244351,0.24196109220971823,0.0,16379.0,619.0,618.0,643.0,0.0016803355,0.06,0.0,0.06,35.70715491043306,0.00010082013,1.69411643553615e-07
combsort,500,parallel,2,1,932612.0,1508869.0,1.6178957594369363,0.6180867921602207,0.09031178874050512,0.2433101624015748,0.0,18007.0,658.0,647.0,658.0,0.0017635635,0.06,0.0,0.06,34.02202415733825,0.00010581381,1.86609373111935e-07
combsort,500,parallel,4,1,963844.0,2086025.0,2.1642765841775224,0.4620481537853094,0.0859498840004619,0.21235012155090716,0.0,19779.0,613.0,648.0,634.0,0.0017400675,0.06,0.0,0.06,34.48142097935856,0.00010440405,1.81670094273375e-07
combsort,500,parallel,8,1,1052513.0,4361033.0,4.143448109429527,0.24134488319625189,0.07568963858953279,0.20459976105137395,0.0,20265.0,609.0,696.0,717.0,0.0019305964999999999,0.05,0.0,0.05,25.898731298849867,9.6529825e-05,1.8636014229061247e-07
combsort,500,serial,1,1,906977.0,1251142.0,1.379463867330704,0.72491931371499,0.0906405286794966,0.24198792382721784,0.0,16333.0,599.0,602.0,630.0,0.00169006,0.05,0.0,0.05,29.584748470468508,8.4503e-05,1.4281514017999998e-07
combsort,1000,parallel,2,1,1094252.0,1698805.0,1.5524805986189654,0.6441304328631008,0.08719805287384415,0.22234274930531822,0.0,18758.0,631.0,623.0,618.0,0.001807584,0.05,0.0,0.05,27.66123178784499,9.037920000000001e-05,1.6336799585280002e-07
combsort,1000,parallel,4,1,1137858.0,2422001.0,2.1285617361744613,0.4698007969443448,0.08365696421289734,0.17253831248899065,0.0,23859.0,606.0,666.0,634.0,0.00183666,0.03,0.0,0.03,16.333997582568358,5.50998e-05,1.0119959866799999e-07
combsort,1000,parallel,8,1,1241616.0,4994551.0,4.022621325756111,0.24859411786965435,0.07157531225186847,0.17639607557271064,0.0,22888.0,629.0,709.0,738.0,0.0019629325,0.03,0.0,0.03,15.283256046756575,5.8887974999999994e-05,1.1559311998668748e-07
combsort,1000,serial,1,1,1072963.0,1345406.0,1.2539164910625995,0.797501274708155,0.08805807506169674,0.23692410026606917,0.0,16405.0,604.0,587.0,596.0,0.0017018165,0.06,0.0,0.06,35.256445098516785,0.00010210899,1.7377076398033498e-07
combsort,5000,parallel,2,1,2304851.0,2819679.0,1.2233671504144954,0.8174160959456732,0.07034498221180319,0.196203711760538,0.0,25212.0,652.0,657.0,701.0,0.0019839824999999998,0.05,0.0,0.05,25.201835197639095,9.9199125e-05,1.9680932801531247e-07
combsort,5000,parallel,4,1,2453951.0,4803492.0,1.9574522881671232,0.5108681350983826,0.0672563362148802,0.09128128940867553,0.0,41013.0,631.0,637.0,700.0,0.002011558,0.06,0.0,0.06,29.827626148487887,0.00012069348,2.4278193524184e-07
combsort,5000,parallel,8,1,2645508.0,8951547.0,3.3836779174358953,0.2955364028139494,0.05699778132625044,0.0980445638034493,0.0,39400.0,643.0,748.0,695.0,0.0021414894999999996,0.05,0.0,0.05,23.34823495515622,0.00010707447499999998,2.2929886393051244e-07
combsort,5000,serial,1,1,2422058.0,2167823.0,0.8950334797928043,1.1172766411279889,0.07376813159126085,0.24675236461817995,0.0,16716.0,609.0,592.0,594.0,0.0019391645,0.06,0.0,0.06,30.941160484321987,0.00011634986999999999,2.2562153748361496e-07
combsort,10000,parallel,2,1,4239630.0,4498492.0,1.061057686637749,0.9424558274194997,0.05918640839064802,0.14666894637325503,0.0,45261.0,622.0,663.0,622.0,0.0022208304999999998,0.06,0.0,0.06,27.01692002158652,0.00013324983,2.9592528658381495e-07
combsort,10000,parallel,4,1,4517076.0,7884412.0,1.7454680859919116,0.5729122222430791,0.054383150930921456,0.06703291608715808,0.0,69966.0,637.0,660.0,641.0,0.0023029875,0.09,0.0,0.09,39.07967368472473,0.00020726887499999998,4.773376282640625e-07
combsort,10000,parallel,8,1,4917685.0,16003966.0,3.254369891524162,0.3072791456817641,0.04166260909277125,0.08202975963372758,0.0,68496.0,585.0,750.0,748.0,0.002438036,0.54,0.02,0.56,229.69308082407315,0.0013653001600000003,3.328650940885761e-06
combsort,10000,serial,1,1,4580644.0,3440909.0,0.751184549596083,1.331230788143482,0.06412324649298597,0.23719452092043097,0.0,38733.0,614.0,592.0,669.0,0.00225192,0.06,0.0,0.06,26.643930512629222,0.0001351152,3.0426862118400005e-07
combsort,50000,parallel,2,1,20682536.0,19727589.0,0.9538283409732733,1.0484066755445889,0.04115375230338166,0.04276952091185428,0.0,206923.0,650.0,685.0,714.0,0.0046239720000000005,0.15,0.0,0.15,32.43964280060519,0.0006935958,3.2071675585176005e-06
combsort,50000,parallel,4,1,22146848.0,36967386.0,1.6691940090075121,0.5990915343595027,0.036372333631170435,0.017338115374883844,0.0,327043.0,631.0,740.0,717.0,0.0047645445,0.12,0.0,0.12,25.186038245628726,0.00057174534,2.7241061150976296e-06
combsort,50000,parallel,8,1,23793882.0,71840618.0,3.0192894963503645,0.3312037488318934,0.030128577225294786,0.02273874933110242,0.0,271103.0,678.0,919.0,793.0,0.0049978305,0.15,0.01,0.16,32.013890827229936,0.0007996528799999999,3.996529553076839e-06
combsort,50000,serial,1,1,23424643.0,14341235.0,0.6122285406868314,1.6333769720669105,0.04840850913839629,0.07595651716442293,0.0,173298.0,578.0,640.0,609.0,0.0050537329999999995,0.1,0.0,0.1,19.78735322978084,0.0005053732999999999,2.5540217235288994e-06
combsort,100000,parallel,2,1,33040446.0,23557891.0,0.7130016041551013,1.402521388693071,0.006203110293837625,0.020293308604561664,0.0,389445.0,691.0,690.0,666.0,0.007817201,0.18,0.01,0.19,24.305374775447124,0.00148526819,1.161063998013619e-05
combsort,100000,parallel,4,1,35067776.0,44627124.0,1.272596357408009,0.7857951142000547,0.0059222873222157585,0.01190440380218987,0.0,558784.0,688.0,739.0,706.0,0.0079716375,0.16,0.0,0.16,20.071158529223137,0.001275462,1.0167520709025e-05
combsort,100000,parallel,8,1,38667262.0,101860680.0,2.634287372092702,0.3796093055730631,0.00503795977563998,0.0153676662263769,0.0,508907.0,874.0,1031.0,758.0,0.014320138500000001,0.23,0.01,0.24000000000000002,16.759614440879883,0.0034368332400000006,4.921592799820375e-05
combsort,100000,serial,1,1,39732445.0,18306461.0,0.4607433798750618,2.170405574294234,0.006738402235525831,0.023759525243591203,0.0,327505.0,625.0,626.0,597.0,0.0073234535,0.19,0.01,0.2,27.30952002357904,0.0014646907,1.072659423333245e-05
countingsort,100,parallel,2,1,35018131.0,40521740.0,1.157164555698304,0.8641813258759372,0.002610014586098464,0.36706409266898793,0.0,289109.0,1096.0,21165.0,760.0,0.010994351,0.34,0.01,0.35000000000000003,31.834530296513186,0.00384802285,4.230651386892035e-05
countingsort,100,parallel,4,1,46438586.0,89683547.0,1.931229064554205,0.5178049659431958,0.002359782601502772,0.3406028608606835,0.0,294981.0,1141.0,37891.0,759.0,0.010503922,0.44,0.01,0.45,42.84114067107505,0.0047267649,4.964956982193781e-05
countingsort,100,parallel,8,1,69948609.0,215419388.0,3.0796807982271672,0.3247089765197922,0.0019181124916835036,0.358419942173947,0.0,360551.0,1804.0,59981.0,809.0,0.013631919999999999,0.5,0.02,0.52,38.14576376621929,0.0070885984,9.663120630092799e-05
countingsort,100,serial,1,1,9624501.0,6767333.0,0.7031359859591682,1.4222000010934883,0.004973460769515856,0.29548776656056613,0.0,26245.0,680.0,6589.0,641.0,0.007553406,0.21,0.01,0.22,29.12593338687209,0.0016617493200000001,1.2551867284183922e-05
countingsort,500,parallel,2,1,35260380.0,41154510.0,1.167160138376274,0.856780459784359,0.002634953772740829,0.4248813124157911,0.0,318210.0,1355.0,21832.0,711.0,0.0112529345,0.33,0.01,0.34,30.21434097923524,0.0038259977300000004,4.3053701852838694e-05
countingsort,500,parallel,4,1,46776473.0,91298051.0,1.9517942492158398,0.5123490861814783,0.0023242806362037643,0.3742610473865739,0.0,322071.0,1286.0,38126.0,734.0,0.0106316225,0.44,0.01,0.45,42.32655928105047,0.004784230125,5.086412864212781e-05
countingsort,500,parallel,8,1,71360315.0,243757433.0,3.4158682315233615,0.2927513394022327,0.0020407705271732915,0.4570266771069953,0.0,378605.0,1925.0,61179.0,833.0,0.013355937500000001,0.76,0.02,0.78,58.400992068134485,0.010417631250000002,0.00013913723187304692
countingsort,500,serial,1,1,9717513.0,6651459.0,0.6844816158208381,1.4609596180326752,0.005100039355785841,0.38939152786170855,0.0,47156.0,740.0,7253.0,637.0,0.007296895,0.21,0.01,0.22,30.14981029602317,0.0016053169000000002,1.1713828861025502e-05
countingsort,1000,parallel,2,1,35710694.0,41949559.0,1.1747057898118698,0.8512769824350239,0.0026553994705791452,0.35936799701205846,0.0,348421.0,1331.0,21796.0,712.0,0.011454771499999999,0.36,0.01,0.37,32.300949870540855,0.004238265454999999,4.8548362343368516e-05
countingsort,1000,parallel,4,1,47424823.0,94575986.0,1.994229604188507,0.5014467731798218,0.002299766828781867,0.35683261722398657,0.0,359341.0,1571.0,38305.0,801.0,0.011093036,0.44,0.01,0.45,40.565991131733455,0.0049918662,5.5374951463783204e-05
countingsort,1000,parallel,8,1,79768890.0,448106675.0,5.617561871551679,0.17801317063621067,0.001610730586444633,0.5164622421025851,0.0,440983.0,2881.0,61757.0,856.0,0.020504032999999998,0.77,0.04,0.81,39.504423349299145,0.016608266729999998,0.000340536449104722
countingsort,1000,serial,1,1,9869599.0,6545762.0,0.6632247166272915,1.5077845787854798,0.005309965265687872,0.2652177022372138,0.0,69964.0,857.0,7988.0,639.0,0.006885668,0.18,0.01,0.19,27.593546479441066,0.0013082769200000002,9.008360523182562e-06
countingsort,5000,parallel,2,1,36146322.0,43077780.0,1.191761087061638,0.8390943544444491,0.002593724037365878,0.42931157875502496,0.0,501485.0,2801.0,24144.0,693.0,0.015129426500000001,0.36,0.02,0.38,25.116616284166486,0.005749182070000001,8.698182756318287e-05
countingsort,5000,parallel,4,1,48147435.0,103768623.0,2.1552263999110233,0.4639883772958999,0.0028813796595238642,0.4731448775070579,0.0,567086.0,3294.0,40642.0,829.0,0.012278346499999999,0.5,0.02,0.52,42.350979425446255,0.006384740179999999,7.839405224251235e-05
countingsort,5000,parallel,8,1,87371192.0,637674626.0,7.298454003008223,0.13701531853017468,0.0018260670527369713,0.5502002020455266,0.0,736939.0,7182.0,66952.0,840.0,0.0272054515,0.61,0.03,0.64,23.52469687922658,0.01741148896,0.0004736874184440654
countingsort,5000,serial,1,1,10294753.0,6449867.0,0.6265198397669182,1.5961186486481038,0.007749241631186935,0.23356473931882776,0.0,142734.0,1622.0,10215.0,651.0,0.005863854999999999,0.16,0.01,0.17,28.991167073537806,0.00099685535,5.845415228374249e-06
countingsort,10000,parallel,2,1,36723490.0,45737658.0,1.2454605485480819,0.8029158379731642,0.004687635379026306,0.46530115990701415,0.0,548906.0,5390.0,24827.0,725.0,0.0131175135,0.4,0.02,0.42000000000000004,32.018263217339175,0.00550935567,7.226904737752655e-05
countingsort,10000,parallel,4,1,54852335.0,272035356.0,4.959412502676504,0.2016367865065304,0.0027872162213506842,0.6384717315987619,0.0,744610.0,7572.0,41138.0,754.0,0.0254180775,0.86,0.04,0.9,35.407870638524884,0.02287626975,0.0005814707974164056
countingsort,10000,parallel,8,1,75871911.0,319719563.0,4.213938449500764,0.23730769017721948,0.0026896052493942057,0.5817044696374646,0.0,989313.0,9428.0,69560.0,845.0,0.017362964,0.67,0.04,0.7100000000000001,40.891635782922776,0.012327704440000002,0.00021404548839436022
countingsort,10000,serial,1,1,10833504.0,7261146.0,0.6702490717684694,1.4919826705040775,0.010434675662379647,0.2966602249072444,0.0,156943.0,2687.0,11319.0,735.0,0.012791427,0.14,0.01,0.15000000000000002,11.726604076308298,0.0019187140500000002,2.454309070444935e-05
countingsort,50000,parallel,2,1,40786384.0,51822157.0,1.270574930104125,0.7870452787212234,0.013803623046537606,0.46764268864311753,0.0,610809.0,25822.0,32765.0,759.0,0.014537491999999999,0.42,0.02,0.44,30.266568676357657,0.00639649648,9.298901640602815e-05
countingsort,50000,parallel,4,1,55524501.0,196929180.0,3.5467077858115283,0.28195161834320337,0.005623522338399051,0.6654996508650788,0.0,888872.0,43238.0,52043.0,854.0,0.0248838185,0.79,0.05,0.8400000000000001,33.756876984133285,0.020902407540000004,0.0005201317154383916
countingsort,50000,parallel,8,1,83797628.0,444247890.0,5.301437529950132,0.18862808329826844,0.006367147003598914,0.6719504790927383,0.0,1539856.0,77070.0,87122.0,917.0,0.0256211305,0.83,0.05,0.88,34.34664992631765,0.02254659484,0.0005776692487262666
countingsort,50000,serial,1,1,15092590.0,12426564.0,0.8233553021714629,1.2145424913918281,0.026686382934508444,0.24848806763583148,0.0,216329.0,12394.0,18264.0,744.0,0.007369986,0.15,0.01,0.16,21.7096748894774,0.00117919776,8.690670982431361e-06
countingsort,100000,parallel,2,1,45842231.0,59447926.0,1.2967939104010884,0.7711325538926287,0.02291449628292005,0.4685081049963845,0.0,681933.0,52848.0,41687.0,719.0,0.016036513500000002,0.44,0.02,0.46,28.68453919238742,0.0073767962100000015,0.00011829809200841388
countingsort,100000,parallel,4,1,59171121.0,163731868.0,2.7670908583935736,0.361390373925252,0.017425576279839868,0.660502032472229,0.0,973502.0,90450.0,64259.0,837.0,0.0197204145,0.8,0.05,0.8500000000000001,43.10254229189758,0.016762352325,0.0003305605358440387
countingsort,100000,parallel,8,1,85350078.0,371383922.0,4.351301495002734,0.22981629775561474,0.011927346479327314,0.701985016430755,0.0,1634091.0,116428.0,108058.0,914.0,0.0243226375,1.41,0.08,1.49,61.25980375277969,0.036240729875,0.0008814701354850454
countingsort,100000,serial,1,1,20387207.0,18852292.0,0.9247118548411266,1.0814179517270366,0.03930586993461782,0.22009260442167122,0.0,287550.0,22318.0,25993.0,654.0,0.008912597500000001,0.24,0.01,0.25,28.05018402323228,0.0022281493750000003,1.9858598549251567e-05
heapsort,100,parallel,2,1,808188.0,1395914.0,1.7272144600018808,0.5789668991069651,0.0926926765950848,0.22699506426232713,0.0,17502.0,642.0,643.0,597.0,0.0017613815,0.07,0.0,0.07,39.74153242781306,0.000123296705,2.1717253519795752e-07
heapsort,100,parallel,4,1,829233.0,1845677.0,2.2257640494288093,0.4492839212928373,0.09017542887232215,0.20958066266739026,0.0,18330.0,627.0,665.0,645.0,0.0017497615,0.06,0.0,0.06,34.29038757567817,0.00010498568999999999,1.83699918412935e-07
heapsort,100,parallel,8,1,919055.0,4038336.0,4.394009063657779,0.22758259837715336,0.07814002899923912,0.21671206421952238,0.0,19339.0,631.0,688.0,712.0,0.0019513834999999998,0.06,0.0,0.06,30.74741587186732,0.00011708300999999999,2.2847385384433497e-07
heapsort,100,serial,1,1,783428.0,1149466.0,1.4672260884216546,0.6815582192078756,0.09304155891803609,0.2174675793746345,0.0,16366.0,639.0,603.0,547.0,0.0017649605,0.05,0.0,0.05,28.32924589530474,8.824802500000001e-05,1.557542783280125e-07
heapsort,500,parallel,2,1,912791.0,1584113.0,1.7354608009938748,0.5762158381378096,0.09499281385368404,0.2228573208528665,0.0,17616.0,632.0,628.0,583.0,0.001731756,0.05,0.0,0.05,28.87242775541127,8.65878e-05,1.499489421768e-07
heapsort,500,parallel,4,1,940113.0,2177814.0,2.3165449259823023,0.4316773608765487,0.0912661458810814,0.22068090445097088,0.0,18985.0,619.0,655.0,647.0,0.0017757225000000001,0.06,0.0,0.06,33.7890633249283,0.00010654335000000001,1.8919142382037504e-07
heapsort,500,parallel,8,1,1042504.0,4721433.0,4.528935140776438,0.22080245552568467,0.07995093805929987,0.20689105332394328,0.0,20705.0,669.0,690.0,684.0,0.001960918,0.07,0.0,0.07,35.697566139940584,0.00013726426,2.6916395819068e-07
heapsort,500,serial,1,1,885327.0,1307526.0,1.4768848120524958,0.6771008760055249,0.0951493896410694,0.236889473502025,0.0,16307.0,664.0,580.0,687.0,0.001740215,0.03,0.0,0.03,17.23924917323434,5.220645e-05,9.085044738675e-08
heapsort,1000,parallel,2,1,1056622.0,1791328.0,1.695334755475468,0.5898540077529073,0.094850448440115,0.20971950424005217,0.0,17964.0,663.0,630.0,739.0,0.001781856,0.06,0.0,0.06,33.67275470071655,0.00010691136,1.9050064828416e-07
heapsort,1000,parallel,4,1,1089032.0,2519745.0,2.31374743809181,0.4321992900075206,0.09288740135113438,0.2077118505163088,0.0,20366.0,804.0,697.0,688.0,0.0033606565,0.06,0.0,0.06,17.853654486853983,0.00020163938999999997,6.776407266595349e-07
heapsort,1000,parallel,8,1,1225225.0,5931065.0,4.840796588381726,0.2065775708072665,0.0794699212422499,0.1788552372215266,0.0,21769.0,583.0,701.0,747.0,0.0019807705,0.06,0.0,0.06,30.29124272599981,0.00011884623,2.3540710642021498e-07
heapsort,1000,serial,1,1,1027207.0,1445131.0,1.4068547040664636,0.7108054563911507,0.09852418937487731,0.229550615197761,0.0,16478.0,625.0,609.0,554.0,0.0017326615,0.03,0.0,0.03,17.314403303819006,5.1979845e-05,9.006347620746751e-08
heapsort,5000,parallel,2,1,2360395.0,3776683.0,1.6000216065531405,0.6249915600541534,0.10271183495718107,0.22027325338583617,0.0,18982.0,605.0,635.0,640.0,0.002058801,0.05,0.0,0.05,24.285980043724482,0.00010294005,2.1193307788004998e-07
heapsort,5000,parallel,4,1,2458721.0,6177005.0,2.512283825615025,0.39804419779488603,0.09699783975788523,0.18504220456802384,0.0,21813.0,609.0,679.0,676.0,0.0020990775,0.06,0.0,0.06,28.583985107743757,0.00012594465000000002,2.6436758106037507e-07
heapsort,5000,parallel,8,1,2817587.0,15479233.0,5.4937906087726835,0.18202368295638421,0.07949752589333078,0.15761493929223075,0.0,24404.0,635.0,729.0,665.0,0.0023090560000000003,0.06,0.0,0.06,25.984644807228577,0.00013854336,3.1990437666816007e-07
heapsort,5000,serial,1,1,2308465.0,2732781.0,1.1838087213797914,0.8447310633380428,0.10619232994381306,0.2630589039924767,0.0,16742.0,631.0,578.0,603.0,0.002082976,0.05,0.0,0.05,24.004117186179776,0.0001041488,2.1693945082879998e-07
heapsort,10000,parallel,2,1,4134636.0,6480975.0,1.567483812359782,0.6379651209887401,0.10403004730866165,0.21159883981700206,0.0,23253.0,622.0,630.0,613.0,0.0025087564999999997,0.09,0.01,0.09999999999999999,39.860385015444905,0.00025087564999999996,6.293859176292249e-07
heapsort,10000,parallel,4,1,4318258.0,11086509.0,2.567356790631778,0.38950565953628863,0.09791015481243406,0.17648590667278433,0.0,27903.0,688.0,680.0,627.0,0.0025677445,0.09,0.0,0.09,35.05021625009809,0.000231097005,5.933980635552224e-07
heapsort,10000,parallel,8,1,4739952.0,22168992.0,4.677049894176143,0.21380999190220287,0.0854542563359784,0.1522726011432377,0.0,29316.0,711.0,749.0,704.0,0.0026938135,0.09,0.0,0.09,33.409885279734475,0.000242443215,6.530968055504024e-07
heapsort,10000,serial,1,1,4048892.0,4463927.0,1.1025058213456915,0.9070246892478304,0.10918765004745687,0.24116639242760937,0.0,23498.0,598.0,609.0,625.0,0.0025078265,0.08,0.0,0.08,31.900133442245707,0.00020062612,5.031355003281801e-07
heapsort,50000,parallel,2,1,19917706.0,28444606.0,1.428106529938739,0.7002278744869941,0.09370863268502666,0.08769528061963258,0.0,314191.0,729.0,715.0,647.0,0.008746667999999999,0.16,0.0,0.16,18.292680138310956,0.00139946688,1.2240672176355839e-05
heapsort,50000,parallel,4,1,20894703.0,56106665.0,2.6852099788161623,0.37241035445610604,0.09775557579947858,0.08638945087447239,0.0,315980.0,803.0,764.0,712.0,0.007685099,0.16,0.0,0.16,20.819510587957293,0.00122961584,9.44971946236816e-06
heapsort,50000,parallel,8,1,23183191.0,114440965.0,4.9363767481361815,0.20257773079770866,0.07528048705850933,0.08973850375219015,0.0,298331.0,742.0,857.0,816.0,0.0066987539999999995,0.17,0.0,0.17,25.37785385162674,0.0011387881799999999,7.6284618759277185e-06
heapsort,50000,serial,1,1,19466743.0,16146848.0,0.8294581173645741,1.2056063821248582,0.10060305527792907,0.09749920422934802,0.0,292090.0,509.0,644.0,657.0,0.014753836,0.16,0.01,0.17,11.52242711658175,0.00250815212,3.7004865041532315e-05
heapsort,100000,parallel,2,1,41125011.0,65163003.0,1.5845102874258197,0.6311098185576254,0.10489153882532544,0.026783510857665293,0.0,773608.0,906.0,743.0,701.0,0.0109049055,0.29,0.01,0.3,27.510554768218764,0.0032714716499999998,3.567508918917907e-05
heapsort,100000,parallel,4,1,43215421.0,119037489.0,2.7545141582677166,0.363040428381348,0.09802416299501729,0.026068219794924102,0.0,781304.0,909.0,829.0,718.0,0.0107921975,0.36,0.01,0.37,34.284027882180624,0.003993113075,4.309446494523231e-05
heapsort,100000,parallel,8,1,48019508.0,246948964.0,5.142680012464934,0.19445114173469463,0.08386642578227108,0.03925489525020168,0.0,757512.0,803.0,930.0,713.0,0.0117882405,0.34,0.01,0.35000000000000003,29.69060565060579,0.004125884175,4.8636914930044094e-05
heapsort,100000,serial,1,1,40119701.0,40415813.0,1.0073807130317347,0.9926733627751099,0.11396047807679648,0.03519422618423664,0.0,755875.0,818.0,647.0,653.0,0.011652329,0.29,0.01,0.3,25.745925986126895,0.0034956986999999996,4.073303133727229e-05
insertionsort,100,parallel,2,1,818427.0,1434365.0,1.7525875856979303,0.5705848929665741,0.09232951321910814,0.24406019223526715,0.0,17502.0,826.0,658.0,590.0,0.001890002,0.03,0.0,0.03,15.872999076191453,5.670006e-05,1.0716322680012e-07
insertionsort,100,parallel,4,1,841091.0,2015214.0,2.395952399918677,0.4173705621338478,0.08261525967832481,0.2285791068842473,0.0,17860.0,663.0,664.0,705.0,0.0037247445,0.05,0.0,0.05,13.42373953434927,0.000186237225,6.936860795140126e-07
insertionsort,100,parallel,8,1,919576.0,3897434.0,4.238294605339853,0.2359439569727159,0.0779112621452161,0.1996917657419639,0.0,18251.0,645.0,709.0,692.0,0.001912291,0.05,0.0,0.05,26.146648182729514,9.561455000000001e-05,1.8284284343405002e-07
insertionsort,100,serial,1,1,720581.0,1029712.0,1.4290024299835826,0.6997888730052675,0.09360406220732803,0.19495107632093933,0.0,14334.0,503.0,532.0,465.0,0.0015360065,0.04,0.0,0.04,26.041556464767563,6.144026e-05,9.437263872169001e-08
insertionsort,500,parallel,2,1,900767.0,1556548.0,1.7280251163730465,0.5786952924034466,0.09038481064067418,0.25143833004493227,0.0,17210.0,619.0,628.0,646.0,0.0017203925,0.08,0.01,0.09,52.313643543551834,0.000154835325,2.663775318650625e-07
insertionsort,500,parallel,4,1,925551.0,2130121.0,2.3014625882312267,0.43450630269360285,0.0880607504001874,0.2108369525445839,0.0,17652.0,655.0,634.0,649.0,0.0017627110000000001,0.06,0.0,0.06,34.03847823040759,0.00010576266,1.8642900417126003e-07
insertionsort,500,parallel,8,1,1020930.0,4551756.0,4.4584408333578205,0.22429365721712674,0.07441637745091807,0.218256523472235,0.0,18504.0,747.0,701.0,641.0,0.001974754,0.06,0.0,0.06,30.383531315799335,0.00011848523999999999,2.3397920163095997e-07
insertionsort,500,serial,1,1,803844.0,1104432.0,1.3739382268201292,0.7278347603111825,0.08884852358286942,0.21972598412761085,0.0,14419.0,487.0,534.0,531.0,0.0015911394999999998,0.03,0.0,0.03,18.854412199558872,4.773418499999999e-05,7.595174725380748e-08
insertionsort,1000,parallel,2,1,1007643.0,1703856.0,1.6909322051559927,0.5913897653322816,0.09114109290787736,0.2683902585387808,0.0,17233.0,622.0,625.0,568.0,0.0017477495,0.05,0.0,0.05,28.60821874072915,8.738747500000001e-05,1.527314157375125e-07
insertionsort,1000,parallel,4,1,1038526.0,2533591.0,2.4396028602076405,0.4099027822564889,0.08897423519410114,0.2521150850615436,0.0,18286.0,665.0,680.0,663.0,0.001914901,0.05,0.0,0.05,26.111010438659754,9.574505000000002e-05,1.8334229199005004e-07
insertionsort,1000,parallel,8,1,1139980.0,5034474.0,4.416282741802488,0.22643477749611976,0.0785105411655528,0.21142398914350924,0.0,18651.0,804.0,681.0,651.0,0.002016852,0.07,0.0,0.07,34.707554148742695,0.00014117964,2.8473843929328e-07
insertionsort,1000,serial,1,1,911327.0,1280214.0,1.404780062480317,0.7118552054578375,0.09381364315223926,0.22110809641775786,0.0,14452.0,489.0,508.0,488.0,0.0015833230000000002,0.05,0.0,0.05,31.57915346394892,7.916615000000002e-05,1.2534558611645003e-07
insertionsort,5000,parallel,2,1,1886849.0,3331926.0,1.7658678569403274,0.5662937892378163,0.10377655215185948,0.22707367543029466,0.0,18414.0,608.0,618.0,613.0,0.0020277135,0.06,0.0,0.06,29.589979057692318,0.00012166281,2.4669732228493503e-07
insertionsort,5000,parallel,4,1,1971924.0,5486466.0,2.7822907982254894,0.3594160612678544,0.09821326153287853,0.2288818188872507,0.0,19016.0,698.0,656.0,767.0,0.0020858659999999996,0.06,0.01,0.06999999999999999,33.559202748402825,0.00014601061999999995,3.0455858789691983e-07
insertionsort,5000,parallel,8,1,2554985.0,20730621.0,8.113793623054539,0.12324691093431306,0.06940563569840145,0.1854815288104089,0.0,19884.0,569.0,707.0,668.0,0.002379893,0.1,0.01,0.11,46.220565378359446,0.00026178823,6.2302797605939e-07
insertionsort,5000,serial,1,1,1786157.0,2299790.0,1.287563187334596,0.7766609125180994,0.10440458640083089,0.3044689131116398,0.0,15733.0,515.0,541.0,486.0,0.002219598,0.06,0.0,0.06,27.031921996685885,0.00013317588,2.9559691689624e-07
insertionsort,10000,parallel,2,1,3080287.0,5411913.0,1.7569508945108037,0.5691678709543188,0.10470361120698593,0.229314603272615,0.0,21679.0,685.0,637.0,629.0,0.0023972065,0.06,0.0,0.06,25.029132867777555,0.00014383239,3.44795940218535e-07
insertionsort,10000,parallel,4,1,3228246.0,9200227.0,2.849915093211608,0.3508876465765464,0.09837389651979081,0.19184476617258417,0.0,21985.0,643.0,663.0,689.0,0.002404349,0.07,0.0,0.07,29.113909835884893,0.00016830443000000002,4.0466258796607007e-07
insertionsort,10000,parallel,8,1,3949634.0,28167850.0,7.131762082258761,0.14021780150064703,0.07383111129721925,0.2510673256925833,0.0,23000.0,657.0,723.0,692.0,0.0028787345,0.09,0.0,0.09,31.26373759025016,0.000259086105,7.458401089341226e-07
insertionsort,10000,serial,1,1,2972789.0,2947776.0,0.9915860156909891,1.0084853801645715,0.09155127851011506,0.31220335803395555,0.0,18636.0,458.0,535.0,525.0,0.0022148215000000002,0.07,0.0,0.07,31.60525577343366,0.00015503750500000003,3.433803993803576e-07
insertionsort,50000,parallel,2,1,13399168.0,12146789.0,0.906533077277634,1.1031037091366287,0.08205509818455692,0.23981185841315616,0.0,63080.0,1686.0,806.0,694.0,0.0125627325,0.15,0.01,0.16,12.736082695384942,0.0020100372,2.5251559658649003e-05
insertionsort,50000,parallel,4,1,19180287.0,164568723.0,8.58009700271951,0.1165487988868942,0.0539188643495667,0.31003906833421113,0.0,60993.0,588.0,824.0,737.0,0.0242765225,0.1,0.01,0.11,4.531126729538796,0.0026704174750000003,6.482844991623069e-05
insertionsort,50000,parallel,8,1,15002464.0,53367362.0,3.557239797409279,0.2811168369161661,0.07011239842570081,0.15033750290950784,0.0,62108.0,610.0,850.0,825.0,0.006401094499999999,0.11,0.01,0.12,18.746794005306437,0.0007681313399999999,4.916881295751628e-06
insertionsort,50000,serial,1,1,13550763.0,13569227.0,1.0013625800997332,0.9986392739984378,0.09609976174728783,0.1238259058914062,0.0,56809.0,2167.0,635.0,553.0,0.010624472,0.14,0.01,0.15000000000000002,14.118348657702711,0.0015936708000000002,1.69319107918176e-05
insertionsort,100000,parallel,2,1,27033099.0,25015095.0,0.9253506229529955,1.080671450578141,0.0866497526119683,0.194592587004335,0.0,118458.0,2192.0,870.0,744.0,0.006346326,0.2,0.01,0.21000000000000002,33.090011449143965,0.0013327284600000002,8.45792927663796e-06
insertionsort,100000,parallel,4,1,27833211.0,46430619.0,1.668173284067009,0.5994581075905966,0.09028214756646966,0.07547772906222863,0.0,121247.0,870.0,860.0,771.0,0.006294669500000001,0.18,0.01,0.19,30.184269404454035,0.0011959872050000002,7.528344181703749e-06
insertionsort,100000,parallel,8,1,65945318.0,1057568598.0,16.03705357823887,0.062355593882714735,0.02979438626147327,0.27646284907532465,0.0,123420.0,4605.0,1056.0,887.0,0.049459926,3.16,0.12,3.2800000000000002,66.31631434305017,0.16222855728000002,0.008023812438155562
insertionsort,100000,serial,1,1,27451891.0,26493306.0,0.9650812761860376,1.0361821586177278,0.09247703003811414,0.11964729480868892,0.0,116098.0,1144.0,600.0,506.0,0.0083706055,0.21,0.01,0.22,26.282447548149296,0.0018415332099999998,1.541474801605865e-05
mergesort,100,parallel,2,1,1410412.0,18274872.0,12.957116076720844,0.07717766778339132,0.03924453535132364,0.4186568077095595,0.0,18836.0,1037.0,671.0,649.0,0.013136190499999999,0.45,0.02,0.47000000000000003,35.77901827778762,0.006174009534999999,8.11029654005764e-05
mergesort,100,parallel,4,1,832628.0,1849801.0,2.22164159744808,0.4501176072453199,0.08024060582292604,0.3170098025447294,0.0,18350.0,717.0,649.0,599.0,0.003934269,0.1,0.0,0.1,25.41768242080041,0.0003934269,1.5478472564361e-06
mergesort,100,parallel,8,1,977339.0,5317961.0,5.441265517901158,0.18378077612829427,0.06250082411424202,0.20583055583856086,0.0,19947.0,499.0,710.0,677.0,0.003457197,0.06,0.0,0.06,17.3551000998786,0.00020743182,7.1713266580854e-07
mergesort,100,serial,1,1,693094.0,984026.0,1.4197583588950418,0.7043452103907824,0.09372372293462267,0.22164353067181888,0.0,13738.0,485.0,492.0,464.0,0.0014913535000000001,0.07,0.0,0.07,46.93722849746891,0.00010439474500000002,1.5568946833735754e-07
mergesort,500,parallel,2,1,909316.0,1587598.0,1.7459255088440102,0.5727621224012628,0.08980701250107159,0.25665407889348923,0.0,18165.0,1057.0,652.0,663.0,0.0049973875,0.23,0.01,0.24000000000000002,48.02509311115058,0.0011993729999999999,5.993731638037499e-06
mergesort,500,parallel,4,1,931577.0,2002259.0,2.149322063554596,0.46526298545792527,0.09330616911193516,0.20391974525882717,0.0,18935.0,622.0,640.0,673.0,0.0018288850000000001,0.05,0.0,0.05,27.339061778077898,9.144425000000002e-05,1.6724101716125005e-07
mergesort,500,parallel,8,1,1027610.0,4363362.0,4.2461264487500125,0.23550876594699224,0.08070429740791268,0.18305381558564018,0.0,20693.0,652.0,728.0,682.0,0.0019603905,0.06,0.0,0.06,30.606147091612616,0.00011762343,2.30587854749415e-07
mergesort,500,serial,1,1,789644.0,1146285.0,1.4516478311745546,0.6888723136043828,0.09800783838111601,0.26374103396242016,0.0,13497.0,443.0,485.0,457.0,0.001533095,0.08,0.01,0.09,58.70477693815452,0.00013797855,2.1153422511224999e-07
mergesort,1000,parallel,2,1,1036641.0,1794739.0,1.731302350572667,0.5775998627098425,0.09265178509047718,0.27495549774065453,0.0,18023.0,751.0,647.0,631.0,0.0019609685,0.09,0.0,0.09,45.89568878847365,0.000176487165,3.4608577121930256e-07
mergesort,1000,parallel,4,1,1066370.0,2332489.0,2.1873167849808226,0.4571811485498967,0.09417781572406135,0.19350206931501449,0.0,19656.0,655.0,638.0,645.0,0.0018170685,0.05,0.0,0.05,27.516849254719897,9.0853425e-05,1.650868966846125e-07
mergesort,1000,parallel,8,1,1177369.0,5027882.0,4.2704385795787045,0.23416798564485006,0.08333180428695675,0.18522074165098626,0.0,21770.0,625.0,720.0,675.0,0.0031688834999999997,0.1,0.01,0.11,34.71254149923783,0.00034857718499999995,1.1046004900229472e-06
mergesort,1000,serial,1,1,918361.0,1704942.0,1.8565052305139265,0.5386464759505015,0.09478684108008655,0.4500786089064838,0.0,14316.0,886.0,494.0,488.0,0.003013002,0.07,0.0,0.07,23.232643058318583,0.00021091014,6.3547267364028e-07
mergesort,5000,parallel,2,1,2170960.0,2885750.0,1.3292506540885138,0.7523035605994975,0.09912492724169569,0.1931746175432244,0.0,20821.0,687.0,640.0,643.0,0.001998447,0.06,0.0,0.06,30.023313102624186,0.00011990681999999999,2.3962742470854e-07
mergesort,5000,parallel,4,1,2212332.0,3819911.0,1.7266445542531592,0.5791579960894376,0.0982000982289891,0.17932438261619757,0.0,22166.0,682.0,674.0,653.0,0.001963269,0.09,0.0,0.09,45.8419095905859,0.00017669421,3.4689826497249003e-07
mergesort,5000,parallel,8,1,3502603.0,37473904.0,10.698872809736073,0.09346779027880309,0.05418865978945767,0.18288209186803142,0.0,25665.0,603.0,716.0,685.0,0.0026494375,0.05,0.0,0.05,18.871930362576965,0.000132471875,3.5097595332031246e-07
mergesort,5000,serial,1,1,2042673.0,2722974.0,1.333044496108775,0.7501625061421813,0.1092439221407661,0.2576492461905339,0.0,20831.0,529.0,495.0,483.0,0.0019879775,0.06,0.0,0.06,30.181428109724582,0.00011927864999999998,2.3712327243037496e-07
mergesort,10000,parallel,2,1,4236778.0,20386411.0,4.811772294890126,0.20782363310540536,0.08022201029515016,0.32215314870505857,0.0,37572.0,1044.0,718.0,636.0,0.014818079,0.06,0.01,0.06999999999999999,4.723959158268761,0.00103726553,1.5370282567516867e-05
mergesort,10000,parallel,4,1,3710727.0,5476553.0,1.475870631280609,0.677566162511346,0.09898222065654252,0.16031868674714056,0.0,29577.0,646.0,662.0,622.0,0.00218261,0.09,0.0,0.09,41.2350351185049,0.0001964349,4.2874077708900005e-07
mergesort,10000,parallel,8,1,5396659.0,49811654.0,9.230091061895887,0.1083412929833649,0.060765999778932246,0.15036017042210217,0.0,32960.0,739.0,755.0,703.0,0.004664877499999999,0.05,0.0,0.05,10.718395070395742,0.00023324387499999998,1.0880541045003123e-06
mergesort,10000,serial,1,1,3519623.0,4531379.0,1.287461469594897,0.7767222737272693,0.10888957736848853,0.24627870227667337,0.0,33142.0,447.0,484.0,480.0,0.002492013,0.12,0.0,0.12,48.153841894083214,0.00029904156,7.4521545506028e-07
mergesort,50000,parallel,2,1,16498600.0,18022043.0,1.092337713502964,0.9154677968529983,0.07990444220032383,0.06745840768245459,0.0,144378.0,611.0,751.0,715.0,0.0042914024999999995,0.14,0.01,0.15000000000000002,34.953607824015585,0.000643710375,2.7624203125509373e-06
mergesort,50000,parallel,4,1,18403927.0,67298979.0,3.6567727637693848,0.2734651739664579,0.07752372148315927,0.12065494183903222,0.0,145806.0,652.0,865.0,644.0,0.005753315,0.09,0.0,0.09,15.643155293947922,0.00051779835,2.97905701403025e-06
mergesort,50000,parallel,8,1,16745230.0,26765550.0,1.5983984692954352,0.6256262247553291,0.0897918270662306,0.07827241339504035,0.0,155060.0,644.0,933.0,857.0,0.003797315,0.09,0.0,0.09,23.700957123651843,0.00034175834999999996,1.2977641088302498e-06
mergesort,50000,serial,1,1,16122455.0,14214431.0,0.8816542517873364,1.1342314722270628,0.07531901545764137,0.12628022633574712,0.0,149924.0,1364.0,662.0,507.0,0.0063896785,0.26,0.01,0.27,42.25564713467196,0.001725213195,1.1023557660007808e-05
mergesort,100000,parallel,2,1,33263917.0,29514832.0,0.8872927382544876,1.127023762154567,0.07498401641642036,0.13879250994681933,0.0,294482.0,1371.0,1056.0,688.0,0.012761161,0.3,0.02,0.32,25.076088296354854,0.00408357152,5.211111362173472e-05
mergesort,100000,parallel,4,1,33341020.0,29192508.0,0.8755733327894587,1.1421087903786822,0.07715497143924269,0.06049352238453529,0.0,297801.0,674.0,1033.0,693.0,0.005060505,0.17,0.0,0.17,33.59348523516922,0.00086028585,4.35348084535425e-06
mergesort,100000,parallel,8,1,33946134.0,55471766.0,1.6341114425577887,0.6119533674121714,0.08573275226079013,0.03844303531237686,0.0,314145.0,658.0,1150.0,734.0,0.005334227,0.14,0.0,0.14,26.245602221277796,0.0007467917800000001,3.983556876254061e-06
mergesort,100000,serial,1,1,32621536.0,33076325.0,1.0139413729629407,0.9862503165028158,0.08558512678760705,0.2338676160309569,0.0,292495.0,1637.0,738.0,526.0,0.0119570285,0.44,0.03,0.47,39.30742491748681,0.005619803394999999,6.719614935841175e-05
oddevensort,100,parallel,2,1,861912.0,1773808.0,2.057991999183211,0.48591053823187175,0.09181784922633267,0.2668714890284492,0.0,19106.0,1209.0,703.0,661.0,0.005539494000000001,0.07,0.0,0.07,12.636533228486211,0.0003877645800000001,2.1480195643225208e-06
oddevensort,100,parallel,4,1,895712.0,2342307.0,2.615022462577257,0.3824058929935316,0.09081515676487069,0.19260316898738974,0.0,20931.0,614.0,649.0,634.0,0.001812342,0.06,0.0,0.06,33.106334234929164,0.00010874052,1.9707501149784e-07
oddevensort,100,parallel,8,1,1045653.0,5872151.0,5.615774066540238,0.1780698418688484,0.07516839659696803,0.14993646759847523,0.0,23971.0,608.0,688.0,682.0,0.0020857865,0.06,0.0,0.06,28.7661273097702,0.00012514718999999999,2.6103031941493497e-07
oddevensort,100,serial,1,1,814300.0,1293314.0,1.5882524867984773,0.6296228139492807,0.09331151143360725,0.2564711221266123,0.0,16310.0,604.0,578.0,586.0,0.0017391635,0.06,0.0,0.06,34.499344081220656,0.00010434980999999999,1.8148138078393496e-07
oddevensort,500,parallel,2,1,1115186.0,2422392.0,2.172186523145018,0.4603656220793332,0.08431629170670289,0.21178936264712414,0.0,20781.0,721.0,729.0,696.0,0.0024419840000000003,0.06,0.0,0.06,24.5701855540413,0.00014651904000000001,3.577971513753601e-07
oddevensort,500,parallel,4,1,1169299.0,3370557.0,2.88254501201147,0.34691565815383035,0.08519966959878174,0.1665956767117453,0.0,24636.0,636.0,641.0,693.0,0.0018798865,0.05,0.0,0.05,26.597350425145347,9.399432500000001e-05,1.7669866264411252e-07
oddevensort,500,parallel,8,1,1327838.0,7147381.0,5.382720633089278,0.1857796583112052,0.07564771671323943,0.12211321146835465,0.0,29115.0,633.0,710.0,786.0,0.0020360760000000004,0.09,0.0,0.09,44.202672198876655,0.00018324684000000003,3.7310449299984014e-07
oddevensort,500,serial,1,1,1065188.0,1928687.0,1.8106540817207855,0.5522866074173778,0.0862655115482256,0.22457972623653302,0.0,16258.0,586.0,567.0,566.0,0.0018215039999999998,0.05,0.0,0.05,27.4498436456906,9.107519999999999e-05,1.6589384110079996e-07
oddevensort,1000,parallel,2,1,1522814.0,3541937.0,2.3259157060547118,0.4299381948351989,0.07630674739284023,0.2153757308886162,0.0,20902.0,701.0,635.0,588.0,0.0021292055,0.07,0.0,0.07,32.87611270964686,0.000149044385,3.1734612428611755e-07
oddevensort,1000,parallel,4,1,1585631.0,4666643.0,2.9430825961399596,0.33977979459752977,0.07924953894577542,0.16033205912068912,0.0,25298.0,658.0,654.0,681.0,0.0020288145,0.05,0.0,0.05,24.644934270728054,0.00010144072500000001,2.0580441377051252e-07
oddevensort,1000,parallel,8,1,1761256.0,8822430.0,5.009169592608911,0.19963388771574272,0.06326477545548871,0.1243488779717086,0.0,32484.0,560.0,711.0,756.0,0.003526993,0.06,0.0,0.06,17.011658373010665,0.00021161957999999998,7.463807773229399e-07
oddevensort,1000,serial,1,1,1477609.0,2965409.0,2.0068969531181793,0.4982816872815858,0.0756731993865828,0.2250340464410695,0.0,16603.0,629.0,600.0,572.0,0.0021341980000000003,0.06,0.0,0.06,28.11360520439059,0.00012805188000000002,2.7328806619224006e-07
oddevensort,5000,parallel,2,1,9108628.0,24730659.0,2.715080580741688,0.36831319375678584,0.03135868454623551,0.16864393862412355,0.0,44127.0,883.0,691.0,722.0,0.0050934694999999995,0.16,0.01,0.17,33.37607106511584,0.000865889815,4.410383363063142e-06
oddevensort,5000,parallel,4,1,9283521.0,28545297.0,3.0748351837627124,0.3252206834631989,0.02900501022465201,0.14097649057577186,0.0,32295.0,614.0,656.0,634.0,0.005820425,0.11,0.0,0.11,18.898963563657293,0.00064024675,3.7265081898687494e-06
oddevensort,5000,parallel,8,1,9629760.0,44405488.0,4.611276708869172,0.2168596818483337,0.03357588146441089,0.09038207319039175,0.0,43395.0,599.0,726.0,734.0,0.003326012,0.11,0.0,0.11,33.072640748139214,0.00036586132,1.21685914065584e-06
oddevensort,5000,serial,1,1,9318556.0,22366371.0,2.400197090622195,0.4166324523544745,0.028368775470269444,0.2549645761351342,0.0,19178.0,597.0,596.0,567.0,0.0095592335,0.18,0.01,0.19,19.876070607544005,0.001816254365,1.7361999570429227e-05
oddevensort,10000,parallel,2,1,19727410.0,54014551.0,2.7380457444743125,0.3652239930680901,0.025934270945010326,0.1477228002543117,0.0,79856.0,630.0,639.0,662.0,0.0085159595,0.25,0.01,0.26,30.530910815158293,0.00221414947,1.8855607213466467e-05
oddevensort,10000,parallel,4,1,19911800.0,57738176.0,2.899696461394751,0.3448636825659335,0.026659153143233014,0.10462615376068445,0.0,39974.0,628.0,678.0,666.0,0.0064497675,0.19,0.0,0.19,29.458426214588354,0.001225455825,7.903905152770687e-06
oddevensort,10000,parallel,8,1,20835883.0,99542341.0,4.777447684842538,0.20931678711474144,0.027388304287973134,0.08445513268644612,0.0,57474.0,639.0,752.0,719.0,0.0050786875,0.19,0.01,0.2,39.38025326425381,0.0010157375,5.15861334453125e-06
oddevensort,10000,serial,1,1,20349577.0,50544821.0,2.483826617133123,0.40260459127949033,0.026466474524305485,0.1291107405483721,0.0,120399.0,630.0,595.0,575.0,0.014182432500000001,0.35,0.01,0.36,25.38351583904947,0.0051056757,7.241090098214026e-05
oddevensort,50000,parallel,2,1,98461355.0,265855776.0,2.7001027560508386,0.3703562754265681,0.02254647835923771,0.05200360928807442,0.0,570600.0,670.0,764.0,684.0,0.0505991195,1.08,0.02,1.1,21.739508728012552,0.05565903145,0.002816297983592808
oddevensort,50000,parallel,4,1,98919174.0,279006647.0,2.8205517264024063,0.3545405640461318,0.02528880953090722,0.07066458825409025,0.0,580116.0,681.0,806.0,710.0,0.020155107,0.8,0.01,0.81,40.188325470065735,0.01632563667,0.00032904495392697367
oddevensort,50000,parallel,8,1,100614005.0,421163461.0,4.18593277347423,0.23889537986297438,0.025584150935533796,0.05251499253863313,0.0,597856.0,716.0,1042.0,857.0,0.016884559,0.67,0.01,0.68,40.27348300894326,0.011481500120000002,0.0001938600661846471
oddevensort,50000,serial,1,1,102342427.0,257859698.0,2.5195777114021345,0.39689190592319706,0.02552803746527803,0.021378672637274592,0.0,556581.0,686.0,706.0,637.0,0.066365094,2.14,0.1,2.24,33.752683300652,0.14865781056000002,0.009865689571648593
oddevensort,100000,parallel,2,1,218915020.0,595411796.0,2.7198307178739953,0.3676699411578336,0.023001844633581785,0.01106334962206348,0.0,1244222.0,764.0,825.0,725.0,0.077658541,2.24,0.05,2.29,29.488063650333068,0.17783805888999998,0.013810644187669478
oddevensort,100000,parallel,4,1,220080144.0,634209337.0,2.881719929263587,0.34701498568445077,0.02328124344025506,0.046630463637731566,0.0,1260116.0,771.0,929.0,723.0,0.043266147500000005,1.73,0.03,1.76,40.67845421180612,0.0761484196,0.0032946487543054916
oddevensort,100000,parallel,8,1,222938637.0,922823688.0,4.1393618460132595,0.2415831321833169,0.023612792790587023,0.023459172871952108,0.0,1280959.0,759.0,1235.0,936.0,0.0345600765,1.37,0.02,1.3900000000000001,40.2198183791636,0.04803850633500001,0.001660214453883335
oddevensort,100000,serial,1,1,227925140.0,592514469.0,2.5996012067821916,0.3846743867448071,0.02254849180603273,0.25238647750646065,0.0,1228690.0,1596.0,918.0,602.0,0.1497910435,3.39,0.09,3.48,23.232363689355033,0.52127283138,0.07808200136060975
quicksort,100,parallel,2,1,801909.0,1345445.0,1.6778025935611147,0.5960176744497174,0.0791228252943015,0.26514686540990795,0.0,17355.0,689.0,628.0,612.0,0.0024996289999999997,0.04,0.0,0.04,16.00237475241326,9.998516e-05,2.4992580550563996e-07
quicksort,100,parallel,4,1,822211.0,1754087.0,2.1333781717831553,0.4687401480086221,0.07497669017190649,0.2538073668917187,0.0,17607.0,595.0,636.0,684.0,0.0027897994999999997,0.05,0.0,0.05,17.92243492767133,0.000139489975,3.8914906251001246e-07
quicksort,100,parallel,8,1,885002.0,3427337.0,3.872688423302998,0.2582185527714374,0.0811376749371055,0.22374359599902416,0.0,18512.0,708.0,721.0,665.0,0.0020426165000000003,0.08,0.0,0.08,39.1654527416184,0.00016340932000000002,3.337825732857801e-07
quicksort,100,serial,1,1,681993.0,909483.0,1.3335664735561803,0.7498688815513869,0.08047478380858603,0.26533177497960175,0.0,13505.0,415.0,470.0,450.0,0.002516095,0.04,0.0,0.04,15.897650923355439,0.0001006438,2.5322936196099997e-07
quicksort,500,parallel,2,1,867375.0,1424438.0,1.6422400922323102,0.6089243617482825,0.09733984045450177,0.2059859443343217,0.0,17252.0,601.0,628.0,682.0,0.001925517,0.05,0.0,0.05,25.967051965783735,9.627585000000001e-05,1.8538078586445003e-07
quicksort,500,parallel,4,1,890422.0,2016596.0,2.2647643476913193,0.44154704264017186,0.09474355283181837,0.2308021153298078,0.0,17631.0,601.0,652.0,629.0,0.0017424304999999998,0.06,0.0,0.06,34.434658943355274,0.00010454582999999999,1.8216384283981495e-07
quicksort,500,parallel,8,1,982630.0,4357922.0,4.434957206680032,0.22548131884875405,0.08357924203656981,0.20776149083294415,0.0,19215.0,1076.0,806.0,732.0,0.0073430694999999995,0.07,0.0,0.07,9.532798239210457,0.000514014865,3.7744468777281175e-06
quicksort,500,serial,1,1,747020.0,1065049.0,1.4257302347996037,0.7013949592929527,0.09861689173224769,0.2207408033469267,0.0,13482.0,433.0,490.0,433.0,0.0014942990000000001,0.05,0.0,0.05,33.460505561470626,7.471495000000002e-05,1.1164647507005003e-07
quicksort,1000,parallel,2,1,953525.0,1701620.0,1.784557300542723,0.5603630657843702,0.10395507977096848,0.2253950741473862,0.0,17305.0,616.0,640.0,660.0,0.0017741065,0.06,0.0,0.06,33.81984114256951,0.00010644639,1.88847232400535e-07
quicksort,1000,parallel,4,1,982210.0,2380934.0,2.424057991671842,0.41253138474229023,0.09905201245531081,0.22623768511060166,0.0,17734.0,623.0,665.0,604.0,0.00180259,0.03,0.0,0.03,16.64271964229248,5.40777e-05,9.747992124299999e-08
quicksort,1000,parallel,8,1,1084778.0,4974787.0,4.58599547557196,0.21805516497490243,0.08623909713696115,0.21434277725470055,0.0,18666.0,633.0,706.0,727.0,0.002122963,0.06,0.0,0.06,28.26238610847198,0.00012737778,2.7041831396214e-07
quicksort,1000,serial,1,1,827340.0,1200221.0,1.4506986245074576,0.6893230496716855,0.1046885798203179,0.2592095888688655,0.0,13630.0,478.0,474.0,464.0,0.001598908,0.06,0.0,0.06,37.52561122966424,9.593448e-05,1.5339040754784e-07
quicksort,5000,parallel,2,1,1690801.0,3208974.0,1.8979016454331408,0.5268976937800057,0.1188495199907468,0.21124003246908274,0.0,17866.0,640.0,626.0,619.0,0.0020238685,0.06,0.0,0.06,29.64619489853219,0.00012143210999999999,2.45762622317535e-07
quicksort,5000,parallel,4,1,1770117.0,5251937.0,2.9669999214741174,0.33704079085487887,0.11183338714262997,0.20393650989526294,0.0,18539.0,586.0,672.0,727.0,0.0020861960000000002,0.05,0.0,0.05,23.96706733212028,0.00010430980000000002,2.1761068752080007e-07
quicksort,5000,parallel,8,1,4201047.0,68836200.0,16.385486760800344,0.06102961813696863,0.03790818180704541,0.20966082846816791,0.0,19123.0,613.0,722.0,692.0,0.003380479,0.1,0.01,0.11,32.539767293333284,0.00037185269,1.25704020963851e-06
quicksort,5000,serial,1,1,1538062.0,2128781.0,1.3840670922238505,0.7225083275358057,0.1181883544885166,0.2132440135643997,0.0,13702.0,444.0,503.0,465.0,0.001817964,0.05,0.0,0.05,27.503294894728388,9.089820000000001e-05,1.6524965526480002e-07
quicksort,10000,parallel,2,1,2517759.0,3887939.0,1.5442061770010553,0.6475819193665333,0.12422698107606556,0.22357332049121117,0.0,19451.0,645.0,627.0,642.0,0.002185238,0.08,0.0,0.08,36.609284663729994,0.00017481904,3.8202120933152e-07
quicksort,10000,parallel,4,1,2620033.0,6311882.0,2.40908492373951,0.415095370921066,0.11837852574052567,0.19031484217231612,0.0,20642.0,607.0,701.0,692.0,0.0022386865,0.05,0.0,0.05,22.334525178045254,0.000111934325,2.505858622641125e-07
quicksort,10000,parallel,8,1,8397852.0,157018560.0,18.69746692368477,0.05348318058705926,0.029693802441391446,0.26836070653858074,0.0,21785.0,769.0,765.0,855.0,0.005146538500000001,0.06,0.0,0.06,11.658321413509292,0.00030879231,1.5892115119189354e-06
quicksort,10000,serial,1,1,2397043.0,3205385.0,1.3372246555443519,0.747817500861831,0.12224806201550388,0.20967675349874088,0.0,14823.0,417.0,499.0,471.0,0.0020604885,0.06,0.0,0.06,29.11930835818788,0.00012362930999999997,2.547367715179349e-07
quicksort,50000,parallel,2,1,9241064.0,12928989.0,1.3990801275697258,0.7147553455262434,0.11833814527328772,0.18406784046669725,0.0,33919.0,632.0,679.0,681.0,0.003814736,0.11,0.0,0.11,28.835547204315056,0.00041962096,1.60074318246656e-06
quicksort,50000,parallel,4,1,9456293.0,17966393.0,1.8999403889029243,0.5263323027610495,0.11456953188856335,0.14502341920374706,0.0,36066.0,643.0,801.0,750.0,0.003595285,0.08,0.0,0.08,22.251365329869536,0.0002876228,1.034085938498e-06
quicksort,50000,parallel,8,1,13378815.0,120738153.0,9.024577513030863,0.11080851137419669,0.076536712566519,0.1825024829677127,0.0,40285.0,1349.0,1044.0,930.0,0.0097544905,0.13,0.0,0.13,13.327195305587718,0.0012680837650000001,1.2369511038896735e-05
quicksort,50000,serial,1,1,9278850.0,11368542.0,1.2252102361822854,0.8161864555718754,0.11445830461359773,0.1642708468843502,0.0,29426.0,455.0,525.0,514.0,0.004198296000000001,0.09,0.0,0.09,21.437268834784394,0.00037784664000000003,1.5863120373254403e-06
quicksort,100000,parallel,2,1,17509153.0,24007973.0,1.3711670119051447,0.729305760215575,0.12169591300010185,0.15253238036498204,0.0,55479.0,647.0,724.0,673.0,0.0057437224999999995,0.16,0.01,0.17,29.597530173158614,0.000976432825,5.608359186691062e-06
quicksort,100000,parallel,4,1,17954504.0,34375497.0,1.914589063557534,0.5223052920514866,0.11824920287780251,0.10943828588526348,0.0,59857.0,704.0,954.0,740.0,0.0054972319999999995,0.13,0.0,0.13,23.648265163267627,0.0007146401599999999,3.928542756037119e-06
quicksort,100000,parallel,8,1,18526631.0,51852228.0,2.7987942330151663,0.35729672021036396,0.11661420089760517,0.18778639986344717,0.0,67285.0,697.0,1164.0,863.0,0.010248551,0.12,0.01,0.13,12.68472001554171,0.00133231163,1.365426368794813e-05
quicksort,100000,serial,1,1,17766269.0,21776738.0,1.2257350150445205,0.8158370183817246,0.11794473685156585,0.12128248028135351,0.0,49289.0,553.0,498.0,505.0,0.006917102,0.19,0.01,0.2,28.913842820302495,0.0013834204,9.5692600156808e-06
radixsort,100,parallel,2,1,830484.0,1478073.0,1.7797729998410565,0.5618694069914003,0.09005811657168651,0.2239194771564215,0.0,18251.0,642.0,626.0,590.0,0.0017525735,0.07,0.0,0.07,39.94126351904785,0.00012268014500000003,2.1500597110315756e-07
radixsort,100,parallel,4,1,870620.0,2180492.0,2.504527807769176,0.3992768604516779,0.08601047287419261,0.20656846370780058,0.0,23229.0,972.0,722.0,659.0,0.0023807955,0.09,0.0,0.09,37.802490806119216,0.000214271595,5.101368491538225e-07
radixsort,100,parallel,8,1,31364628.0,798594307.0,25.461622149639396,0.03927479538117969,0.0014064843043251664,0.37737261111954706,0.0,23958.0,626.0,725.0,692.0,0.0183975985,0.05,0.0,0.05,2.7177460145137964,0.0009198799250000001,1.6923581528360114e-05
radixsort,100,serial,1,1,785263.0,1399454.0,1.7821468730858323,0.5611209800393582,0.08549554896142433,0.22163985979624595,0.0,18583.0,609.0,588.0,616.0,0.002001723,0.31,0.02,0.33,164.85797485466273,0.00066056859,1.3222753396805698e-06
radixsort,500,parallel,2,1,892697.0,1598816.0,1.7909951528906225,0.5583488031143046,0.08639047603889799,0.22280080741889244,0.0,19869.0,799.0,649.0,630.0,0.0036089855,0.06,0.0,0.06,16.625170702403764,0.00021653913,7.81486580352615e-07
radixsort,500,parallel,4,1,932039.0,2322251.0,2.491581360865801,0.40135153349056585,0.08432125060279698,0.16032544478579386,0.0,23539.0,1043.0,691.0,680.0,0.007436252000000001,0.22,0.01,0.23,30.929559676030344,0.0017103379600000002,1.2718504075725922e-05
radixsort,500,parallel,8,1,1184986.0,8271691.0,6.980412426813482,0.14325801096776947,0.06072212620860386,0.16127835881785718,0.0,27937.0,658.0,718.0,680.0,0.0020393525,0.05,0.0,0.05,24.51758585139156,0.000101967625,2.0794793096281252e-07
radixsort,500,serial,1,1,841785.0,1240458.0,1.4736043051372976,0.6786082237367166,0.08850095003538255,0.22644886214096469,0.0,16453.0,633.0,581.0,586.0,0.0016989754999999999,0.06,0.0,0.06,35.31540036922251,0.00010193853,1.7319106497601497e-07
radixsort,1000,parallel,2,1,968567.0,1604810.0,1.6568910565815271,0.6035399829263277,0.08370384306890986,0.18356741380960848,0.0,20073.0,624.0,645.0,670.0,0.0017538345,0.05,0.0,0.05,28.50896136437047,8.769172500000001e-05,1.5379677266951253e-07
radixsort,1000,parallel,4,1,1016193.0,2478744.0,2.4392453008434423,0.40996286829136047,0.0627626721155409,0.17091613210302564,0.0,26790.0,1173.0,758.0,696.0,0.0060351165,0.95,0.05,1.0,165.69688422750414,0.0060351165,3.6422631168572246e-05
radixsort,1000,parallel,8,1,1160010.0,5767467.0,4.971911449039232,0.20112988942979648,0.06582723642574682,0.12220774214863897,0.0,30766.0,632.0,740.0,716.0,0.0019737705000000003,0.07,0.0,0.07,35.46511613178938,0.00013816393500000004,2.727038990669176e-07
radixsort,1000,serial,1,1,912166.0,1279585.0,1.4027983941519417,0.7128608103408527,0.0837009880072081,0.2076550740974041,0.0,16563.0,640.0,587.0,599.0,0.0017350515,0.07,0.0,0.07,40.344623776297134,0.00012145360500000001,2.1072825953565751e-07
radixsort,5000,parallel,2,1,2753603.0,33280815.0,12.086279322037345,0.08273844856263286,0.030072276532833363,0.29395579291508867,0.0,30212.0,1293.0,722.0,768.0,0.0068606455,0.08,0.01,0.09,13.118299145466706,0.0006174580949999999,4.236161100900322e-06
radixsort,5000,parallel,4,1,3227892.0,45465265.0,14.085125834445515,0.07099688080559961,0.024774538529494718,0.1463114438831765,0.0,42365.0,687.0,668.0,705.0,0.0042185245,0.07,0.0,0.07,16.59347954480293,0.00029529671500000003,1.2457164269970176e-06
radixsort,5000,parallel,8,1,1809955.0,7797217.0,4.307961800155253,0.23212833502004626,0.05612474268272484,0.08514524157400757,0.0,48471.0,654.0,756.0,738.0,0.002209286,0.1,0.01,0.11,49.78984160493481,0.00024302146,5.3690390927756e-07
radixsort,5000,serial,1,1,1475083.0,1702498.0,1.154170985632673,0.8664227505700447,0.061710462754025024,0.2547539650264335,0.0,20607.0,629.0,613.0,577.0,0.0018850404999999999,0.06,0.0,0.06,31.829554855717955,0.00011310242999999999,2.1320266119841497e-07
radixsort,10000,parallel,2,1,2920445.0,17862274.0,6.116285018207842,0.1634979398479723,0.02941511996236965,0.21038148371531967,0.0,42921.0,1509.0,657.0,650.0,0.005057065,0.1,0.01,0.11,21.75174730797409,0.00055627715,2.81312970556475e-06
radixsort,10000,parallel,4,1,2395913.0,4399282.0,1.8361609958291474,0.5446145530111505,0.05713006772829105,0.07105579351903657,0.0,53868.0,683.0,671.0,634.0,0.0021717159999999998,0.08,0.0,0.08,36.83722917729575,0.00017373727999999997,3.773080307724799e-07
radixsort,10000,parallel,8,1,2598453.0,9620619.0,3.7024410293355317,0.2700920803536654,0.050823694356817384,0.07127484373245499,0.0,58172.0,1551.0,900.0,770.0,0.013622803499999999,0.06,0.0,0.06,4.404379759276422,0.0008173682099999999,1.1134846511976732e-05
radixsort,10000,serial,1,1,2178772.0,1719953.0,0.7894139451030213,1.2667625219991476,0.03440500834420055,0.2723457757747951,0.0,28328.0,631.0,608.0,550.0,0.0049236720000000005,0.04,0.0,0.04,8.124018009323123,0.00019694688000000002,9.6970183854336e-07
radixsort,50000,parallel,2,1,8466085.0,8434928.0,0.996319786536516,1.0036938074634425,0.03867136565247034,0.05144132191532987,0.0,113301.0,921.0,718.0,725.0,0.0034108895,0.07,0.0,0.07,20.522505932836584,0.00023876226500000003,8.143917026847176e-07
radixsort,50000,parallel,4,1,32990208.0,646283414.0,19.59015881318481,0.051046038449007756,0.006429260329357805,0.1937917706739673,0.0,104699.0,938.0,733.0,734.0,0.03142119,0.2,0.01,0.21000000000000002,6.683387866595759,0.006598449900000001,0.00020733114801338104
radixsort,50000,parallel,8,1,14890470.0,176215974.0,11.834144523309204,0.08450124958592006,0.018055725533390445,0.05752375754462566,0.0,138821.0,643.0,808.0,794.0,0.006204914,0.13,0.01,0.14,22.562762352548322,0.00086868796,5.39013408463544e-06
radixsort,50000,serial,1,1,7808788.0,6878452.0,0.8808603844796401,1.1352536878937296,0.043723147737203566,0.0951683748169839,0.0,77636.0,632.0,659.0,660.0,0.0033415520000000002,0.1,0.01,0.11,32.9188353196359,0.00036757072,1.2282566745574401e-06
radixsort,100000,parallel,2,1,18209534.0,68464866.0,3.759836248417999,0.2659690300131457,0.027359027209958874,0.1948395736984724,0.0,172663.0,7089.0,743.0,721.0,0.0136985015,0.1,0.01,0.11,8.030075406423105,0.001506835165,2.0641383768005246e-05
radixsort,100000,parallel,4,1,26957205.0,303313064.0,11.251651052102767,0.08887584545319815,0.01835862867046089,0.09608825568855059,0.0,187173.0,6119.0,824.0,789.0,0.023991544,0.24,0.01,0.25,10.42033809912359,0.005997886,0.000143898545875984
radixsort,100000,parallel,8,1,16605246.0,29529874.0,1.7783460720786672,0.5623202455926497,0.03903941995035823,0.027948278490142354,0.0,247960.0,786.0,818.0,809.0,0.004704443,0.16,0.01,0.17,36.13605266340777,0.00079975531,3.7624032698423303e-06
radixsort,100000,serial,1,1,14846474.0,12463288.0,0.8394779797546542,1.1912164751388237,0.04094192056536243,0.04507360624391354,0.0,137081.0,1536.0,694.0,645.0,0.0050585285,0.15,0.01,0.16,31.629751616502702,0.0008093645600000001,4.09419369364996e-06
shellsort,100,parallel,2,1,805475.0,1322569.0,1.6419739905024986,0.609023045300472,0.0938408440753738,0.21400622213669457,0.0,17471.0,641.0,637.0,649.0,0.0018392515,0.03,0.0,0.03,16.31098302760661,5.5177545e-05,1.014853824075675e-07
shellsort,100,parallel,4,1,826782.0,1871040.0,2.2630391082534453,0.44188365828630066,0.08898449313937203,0.2192748888153255,0.0,21000.0,1341.0,716.0,665.0,0.0068750855,0.3,0.01,0.31,45.090348330940756,0.0021312765050000002,1.465270819601618e-05
shellsort,100,parallel,8,1,931667.0,4447781.0,4.774002943111649,0.209467822269127,0.07445425402591795,0.1834318701544983,0.0,19613.0,734.0,720.0,686.0,0.001913056,0.07,0.0,0.07,36.59066958834452,0.00013391392,2.5618482813952e-07
shellsort,100,serial,1,1,780253.0,1321654.0,1.6938787803443243,0.5903610173313136,0.09335904486424074,0.3228112798264642,0.0,18842.0,1026.0,599.0,589.0,0.0022609785,0.07,0.01,0.08,35.38291054072385,0.00018087828,4.0896190219698e-07
shellsort,500,parallel,2,1,918198.0,1556978.0,1.6956887294461542,0.5897308760945884,0.09486487599901129,0.225723161891612,0.0,17750.0,1660.0,743.0,723.0,0.004485772,0.06,0.0,0.06,13.375624084327068,0.00026914631999999997,1.2073290261590399e-06
shellsort,500,parallel,4,1,964456.0,2832819.0,2.9372195310102276,0.3404580384415665,0.09089211856617647,0.14873132301005162,0.0,25873.0,725.0,721.0,691.0,0.001865476,0.03,0.0,0.03,16.081686389961597,5.596428e-05,1.0440002119728e-07
shellsort,500,parallel,8,1,1034518.0,4557304.0,4.405243794694727,0.2270021925243521,0.0825953973590268,0.14055920753688164,0.0,27386.0,965.0,733.0,693.0,0.00822896,0.15,0.01,0.16,19.443526277925763,0.0013166336000000002,1.0834525229056003e-05
shellsort,500,serial,1,1,873532.0,1305027.0,1.4939658764647432,0.669359331262878,0.0900288509650701,0.2727805793362261,0.0,16453.0,739.0,612.0,624.0,0.0018184825,0.03,0.0,0.03,16.497271763682082,5.455447499999999e-05,9.920635808418747e-08
shellsort,1000,parallel,2,1,1070287.0,1689813.0,1.5788410024600879,0.6333760007764173,0.10153877986137037,0.16024396345313113,0.0,24261.0,651.0,658.0,645.0,0.001763985,0.58,0.03,0.61,345.8079292057472,0.00107603085,1.89810227893725e-06
shellsort,1000,parallel,4,1,1093955.0,2424830.0,2.216571979651814,0.4511470907238858,0.0988583380539457,0.10526952677519805,0.0,34105.0,628.0,662.0,624.0,0.001782029,0.07,0.01,0.08,44.89264765051523,0.00014256232000000002,2.5405018854728003e-07
shellsort,1000,parallel,8,1,1363632.0,9502868.0,6.968792166801601,0.14349688957060122,0.07260243381550432,0.10143670371374357,0.0,35623.0,710.0,712.0,695.0,0.002025635,0.24,0.01,0.25,123.41808864874471,0.00050640875,1.02579928830625e-06
shellsort,1000,serial,1,1,1005945.0,1473312.0,1.4646049237284344,0.682777985925588,0.09111555022038478,0.29533392935268493,0.0,16438.0,623.0,593.0,587.0,0.0019393400000000001,0.05,0.0,0.05,25.781967060958884,9.696700000000001e-05,1.8805198178000004e-07
shellsort,5000,parallel,2,1,2715108.0,3652187.0,1.3451350738165848,0.7434197646506052,0.1108706952940522,0.08690840701368104,0.0,42669.0,596.0,633.0,608.0,0.0020478175,0.06,0.0,0.06,29.29948591610336,0.00012286905,2.51613390798375e-07
shellsort,5000,parallel,4,1,2757742.0,6025475.0,2.1849306425329127,0.45768043183317497,0.10860729709661068,0.032757603126201615,0.0,98047.0,886.0,656.0,637.0,0.006310105,0.07,0.01,0.08,12.678077464638069,0.0005048084,3.1853940088819996e-06
shellsort,5000,parallel,8,1,2896527.0,10006764.0,3.454745631578784,0.28945691134516616,0.10084603829618247,0.04056261523470237,0.0,93610.0,993.0,820.0,757.0,0.0055064705,0.05,0.0,0.05,9.080226617031727,0.000275323525,1.5160608683685126e-06
shellsort,5000,serial,1,1,2388597.0,2588546.0,1.083709809566034,0.9227562500338028,0.10925614110510037,0.20565808927355184,0.0,16718.0,637.0,588.0,595.0,0.002081794,0.1,0.01,0.11,52.83904171113952,0.00022899734,4.7672528842796e-07
shellsort,10000,parallel,2,1,5166193.0,6625951.0,1.2825597107967124,0.779690794574243,0.11034054929719428,0.03490390964001098,0.0,122149.0,671.0,656.0,649.0,0.002474319,0.1,0.01,0.11,44.45667676641533,0.00027217509,6.7344799651371e-07
shellsort,10000,parallel,4,1,8963025.0,106538691.0,11.886465897395132,0.0841292953374094,0.04811358880636557,0.027266679244158914,0.0,154028.0,725.0,682.0,618.0,0.006519915499999999,0.11,0.0,0.11,16.87138429938241,0.0007171907049999999,4.676022793985426e-06
shellsort,10000,parallel,8,1,5439027.0,16429112.0,3.0205976179195284,0.33106031537188374,0.10138549353804444,0.024201814371165878,0.0,147772.0,777.0,877.0,765.0,0.002914399,0.1,0.01,0.11,37.74363084807537,0.00032058388999999996,9.343093684321098e-07
shellsort,10000,serial,1,1,4423315.0,4314153.0,0.9753212240141161,1.0253032286986576,0.11081954261367645,0.23044586632451505,0.0,21966.0,647.0,605.0,604.0,0.0024809790000000003,0.06,0.0,0.06,24.184001557449697,0.00014885874000000003,3.6931540790646013e-07
shellsort,50000,parallel,2,1,28400630.0,25419985.0,0.8950500393829292,1.1172559700566307,0.10817126202867562,0.02065190601380217,0.0,246899.0,835.0,721.0,678.0,0.005449182,0.14,0.01,0.15000000000000002,27.52706736534034,0.0008173773000000002,4.454037670368601e-06
shellsort,50000,parallel,4,1,28621676.0,35599596.0,1.2437984414329895,0.8039887868390416,0.10781001367294267,0.008821078576550848,0.0,435075.0,718.0,833.0,680.0,0.004764774,0.12,0.01,0.13,27.283560563418117,0.0006194206200000001,2.9513992652398806e-06
shellsort,50000,parallel,8,1,29803287.0,71030847.0,2.3833225845189494,0.41958231189331024,0.09933697306964244,0.009503170071036073,0.0,440040.0,714.0,1135.0,749.0,0.004801181999999999,0.19,0.01,0.2,41.656408776005584,0.0009602363999999999,4.6102697194247986e-06
shellsort,50000,serial,1,1,24011426.0,19513404.0,0.8126716005954832,1.2305093462934504,0.10359620356844094,0.20458210280289166,0.0,98283.0,1068.0,638.0,651.0,0.0066676265,0.24,0.01,0.25,37.49460171471812,0.001666906625,1.1114310785875563e-05
shellsort,100000,parallel,2,1,64196881.0,52704793.0,0.8209868171009741,1.2180463549112128,0.10172310411432399,0.02094665368642867,0.0,485633.0,970.0,765.0,687.0,0.0093164465,0.29,0.01,0.3,32.201118742001036,0.00279493395,2.6038852616208677e-05
shellsort,100000,parallel,4,1,64586121.0,69553298.0,1.0769078081032302,0.9285845942201044,0.10048573486438368,0.006897230387846201,0.0,788969.0,1232.0,1012.0,746.0,0.011521537,0.28,0.02,0.30000000000000004,26.03819264738724,0.0034564611000000005,3.982374445271071e-05
shellsort,100000,parallel,8,1,71865323.0,270834845.0,3.768644371082838,0.26534740387633654,0.08324317605929757,0.01134792099528955,0.0,924462.0,998.0,1552.0,805.0,0.010634912,0.25,0.01,0.26,24.44778104416849,0.00276507712,2.9406351844413436e-05
shellsort,100000,serial,1,1,53830067.0,40676339.0,0.7556434770924584,1.3233754148818555,0.10018452540849607,0.060835107641353206,0.0,245188.0,906.0,721.0,590.0,0.012740453499999999,0.33,0.02,0.35000000000000003,27.471549580240616,0.004459158725,5.6811704384981775e-05
smoothsort,100,parallel,2,1,812092.0,1377139.0,1.6957918560951222,0.5896950126312595,0.09341761241200977,0.2350130183527021,0.0,17332.0,590.0,640.0,604.0,0.0017513354999999999,0.03,0.0,0.03,17.129784670041804,5.254006499999999e-05,9.201528100680748e-08
smoothsort,100,parallel,4,1,2853618.0,54442516.0,19.078417643847214,0.05241524840622722,0.019082137480361788,0.2604115770413589,0.0,18053.0,964.0,683.0,696.0,0.0098444425,0.07,0.0,0.07,7.110610885278675,0.0006891109750000001,6.783913369506438e-06
smoothsort,100,parallel,8,1,933051.0,4348910.0,4.66095636787271,0.21454824312298945,0.07703126538304665,0.1909168106351205,0.0,18407.0,610.0,725.0,662.0,0.0021100514999999997,0.07,0.01,0.08,37.913766559726156,0.00016880411999999997,3.561853866121799e-07
smoothsort,100,serial,1,1,789955.0,1205678.0,1.526261622497484,0.6551956658411284,0.08567145504550337,0.2979291090928367,0.0,16640.0,614.0,575.0,620.0,0.0017439975,0.05,0.0,0.05,28.66976586835704,8.7199875e-05,1.520763640003125e-07
smoothsort,500,parallel,2,1,959647.0,1639826.0,1.708780416132182,0.5852126993961555,0.09708584489763679,0.26333490389770753,0.0,17346.0,646.0,616.0,673.0,0.0018095494999999999,0.07,0.0,0.07,38.68366132012416,0.000126668465,2.292128575065175e-07
smoothsort,500,parallel,4,1,988988.0,2307637.0,2.333331648108976,0.42857173810265653,0.09295130291239241,0.20737755734655922,0.0,17728.0,852.0,665.0,641.0,0.001867256,0.35,0.01,0.36,192.79627431910782,0.00067221216,1.25519218903296e-06
smoothsort,500,parallel,8,1,1088774.0,4915309.0,4.514535615288389,0.22150672521300288,0.07985672403429792,0.2677571911760304,0.0,18592.0,874.0,787.0,780.0,0.007393334499999999,0.06,0.0,0.06,8.115418016052162,0.00044360006999999993,3.2796837017334143e-06
smoothsort,500,serial,1,1,934569.0,1507170.0,1.6126899137463366,0.6200820080017516,0.09482596329481681,0.5076776378522342,0.0,16479.0,749.0,602.0,582.0,0.0066868525,0.09,0.0,0.09,13.459247082240859,0.000601816725,4.024259672108062e-06
smoothsort,1000,parallel,2,1,1163159.0,1940933.0,1.6686738442465734,0.5992782852370484,0.09622707966435305,0.2508736647764737,0.0,17542.0,631.0,649.0,591.0,0.001814089,0.06,0.0,0.06,33.07445224572774,0.00010884534,1.9745513399526e-07
smoothsort,1000,parallel,4,1,1201810.0,2957750.0,2.461079538362969,0.40632575437410196,0.09374421435352417,0.27538342370255614,0.0,18953.0,876.0,697.0,662.0,0.0021152109999999997,0.05,0.0,0.05,23.638303696416106,0.00010576054999999999,2.2370587872604995e-07
smoothsort,1000,parallel,8,1,1333428.0,6248726.0,4.686211778963694,0.21339197782075897,0.07633628902489109,0.2430881895133196,0.0,18570.0,572.0,700.0,685.0,0.002107078,0.06,0.0,0.06,28.475452735968958,0.00012642468,2.6638666188504e-07
smoothsort,1000,serial,1,1,1134742.0,1548614.0,1.3647278412185324,0.7327468303915631,0.09937616941474672,0.26961625592091715,0.0,16524.0,865.0,632.0,620.0,0.0019070825,0.07,0.0,0.07,36.70528149673651,0.00013349577500000002,2.5458745632643754e-07
smoothsort,5000,parallel,2,1,3417812.0,14826533.0,4.338018884596344,0.2305199738873545,0.08078375400988007,0.28234805226786513,0.0,17875.0,711.0,611.0,599.0,0.0035462634999999998,0.07,0.0,0.07,19.73908594214728,0.00024823844500000003,8.803189368002575e-07
smoothsort,5000,parallel,4,1,3165694.0,8152140.0,2.5751509779530175,0.3883267461059305,0.0914872683278176,0.21798101143189305,0.0,18358.0,640.0,691.0,648.0,0.002308825,0.06,0.0,0.06,25.987244594111722,0.0001385295,3.198403728375e-07
smoothsort,5000,parallel,8,1,3545457.0,17674680.0,4.985162702579667,0.20059525830170616,0.06738959812051798,0.2299267246053508,0.0,19338.0,720.0,712.0,696.0,0.003055211,0.07,0.0,0.07,22.911674512824156,0.00021386477,6.5340199781647e-07
smoothsort,5000,serial,1,1,2970265.0,3136052.0,1.0558155585444395,0.947135124034933,0.10172412278775636,0.22549859703950131,0.0,17838.0,1073.0,587.0,668.0,0.0026892865,0.09,0.01,0.09999999999999999,37.18458408949734,0.00026892865,7.23226187908225e-07
smoothsort,10000,parallel,2,1,5604285.0,8508632.0,1.5182368491252676,0.6586587597160155,0.09791855152922459,0.26934159232037475,0.0,39676.0,717.0,739.0,714.0,0.0030468960000000003,0.1,0.0,0.1,32.820286612998935,0.00030468960000000007,9.283575234816003e-07
smoothsort,10000,parallel,4,1,6020828.0,18951939.0,3.1477296810339044,0.31768928762381515,0.08596075954285884,0.22773970162864593,0.0,39535.0,781.0,732.0,718.0,0.007573214,0.09,0.0,0.09,11.883990073435136,0.00068158926,5.1618213260816395e-06
smoothsort,10000,parallel,8,1,6461893.0,30768214.0,4.761486146551793,0.2100184625600953,0.07795862886863297,0.21410960681690386,0.0,26548.0,684.0,772.0,714.0,0.00302393,0.09,0.0,0.09,29.76259371083325,0.0002721537,8.22973738041e-07
smoothsort,10000,serial,1,1,5496533.0,4684439.0,0.8522534113776812,1.1733599263433678,0.09109937129481681,0.22428030180369807,0.0,19093.0,714.0,608.0,569.0,0.0026912035000000003,0.13,0.01,0.14,52.02133543598617,0.0003767684900000001,1.0139606789777153e-06
smoothsort,50000,parallel,2,1,26917435.0,24535132.0,0.9114959133364676,1.0970976231144793,0.1027434577163398,0.16936523406797246,0.0,159400.0,661.0,684.0,727.0,0.005215684,0.12,0.0,0.12,23.007528830350918,0.0006258820799999999,3.2644031505427197e-06
smoothsort,50000,parallel,4,1,26798568.0,42559860.0,1.5881393364003629,0.6296676727789988,0.09806524617079972,0.12710674708055245,0.0,73672.0,668.0,837.0,815.0,0.005145558,0.17,0.01,0.18000000000000002,34.981628814600874,0.00092620044,4.76581808364552e-06
smoothsort,50000,parallel,8,1,38720839.0,382942561.0,9.889831183668308,0.10111396053467141,0.05619257532466989,0.17286234019633748,0.0,93727.0,1918.0,1308.0,1049.0,0.0252397345,0.15,0.01,0.16,6.339210897800847,0.00403835752,0.00010192707162087843
smoothsort,50000,serial,1,1,27998621.0,21059528.0,0.7521630440299185,1.3294989802240582,0.0907178882871482,0.24635143614760238,0.0,326278.0,1637.0,636.0,664.0,0.007559879,0.28,0.01,0.29000000000000004,38.36040232919072,0.0021923649100000003,1.657401344344589e-05
smoothsort,100000,parallel,2,1,56097555.0,50762682.0,0.9049000798697912,1.1050943880388353,0.10208472020324154,0.09286410376307198,0.0,631460.0,812.0,745.0,784.0,0.0091457375,0.22,0.01,0.23,25.148327294545684,0.0021035196250000004,1.9238238316348444e-05
smoothsort,100000,parallel,4,1,55800494.0,82579308.0,1.479902812329941,0.6757200484169715,0.09106151397951567,0.16079884129017882,0.0,333189.0,1486.0,934.0,801.0,0.009580646,0.32,0.02,0.34,35.488212381503295,0.00325741964,3.120818444428744e-05
smoothsort,100000,parallel,8,1,74390371.0,628404807.0,8.447394448402468,0.11837969756332561,0.06212963826167901,0.20294996891438613,0.0,231307.0,2561.0,1197.0,916.0,0.022183353,0.96,0.04,1.0,45.07884808937585,0.022183353,0.000492101150322609
smoothsort,100000,serial,1,1,58233324.0,49051386.0,0.8423250233835183,1.1871901845953956,0.09927545896283124,0.0387637569727122,0.0,1042687.0,692.0,699.0,657.0,0.013734126499999999,0.43,0.02,0.45,32.76509794780178,0.006180356925,8.4881803823101e-05
