algo,input,mode,threads,n_runs,time_sec_mean,time_sec_std,time_cv,speedup,efficiency,ipc_mean,ipc_std,cpi_mean,cpi_std,branch_miss_rate_mean,cache_miss_rate_mean,instructions_mean,instructions_std,cycles_mean,cycles_std,branch_miss_rate_std,cache_miss_rate_std,stalled_be_ratio_mean,stalled_be_ratio_std,L1_dcache_load_misses_mean,L1_dcache_load_misses_std,LLC_load_misses_mean,LLC_load_misses_std,dTLB_load_misses_mean,dTLB_load_misses_std,iTLB_load_misses_mean,iTLB_load_misses_std,energy_pkg_joules_mean,energy_pkg_joules_std,energy_ram_joules_mean,energy_ram_joules_std,energy_total_joules_mean,energy_total_joules_std,power_watts_mean,power_watts_std,edp_mean,edp_std,ed2p_mean,ed2p_std,bottleneck
bitonicsort,100,parallel,2,1,0.0017853835,,,0.9475952925519924,0.4737976462759962,0.557019811405525,,1.7952682822478172,,0.09516975209099314,0.2169962586851951,855461.0,,1535782.0,,,,0.0,,18680.0,,678.0,,641.0,,623.0,,0.03,,0.0,,0.03,,16.803112608579614,,5.3561505e-05,,9.562782726216749e-08,,"ILP/pipeline, Branch, Memory/cache, TLB"
bitonicsort,100,parallel,4,1,0.001836304,,,0.9213185834153822,0.23032964585384555,0.4027032303901452,,2.483218222588342,,0.09560216750680538,0.19920389208314904,891026.0,,2212612.0,,,,0.0,,21092.0,,607.0,,663.0,,676.0,,0.05,,0.0,,0.05,,27.22860702803022,,9.18152e-05,,1.686006190208e-07,,"ILP/pipeline, Branch, Memory/cache, TLB"
bitonicsort,100,parallel,8,1,0.0019360535,,,0.873850335230922,0.10923129190386525,0.19729667549493426,,5.068509124603449,,0.0800775412258004,0.14871884794949916,1018784.0,,5163716.0,,,,0.0,,24067.0,,629.0,,711.0,,727.0,,0.06,,0.0,,0.06,,30.990879126015887,,0.00011616321,,2.2489818929173499e-07,,"ILP/pipeline, Branch, Memory/cache, TLB"
bitonicsort,100,serial,1,1,0.001691821,,,1.0,1.0,0.6660357609689139,,1.5014208824842263,,0.09846611424998451,0.23579560222487914,813227.0,,1220996.0,,,,0.0,,16344.0,,613.0,,606.0,,665.0,,0.06,,0.0,,0.06,,35.46474479274107,,0.00010150926,,1.7173549776246e-07,,"ILP/pipeline, Branch, Memory/cache, TLB"
bitonicsort,500,parallel,2,1,0.0018390015,,,0.9446028184316325,0.47230140921581626,0.5859481252745821,,1.706635718872534,,0.10002038672040398,0.20179654422702825,1114996.0,,1902892.0,,,,0.0,,19743.0,,627.0,,649.0,,645.0,,0.06,,0.0,,0.06,,32.626400794126596,,0.00011034009,,2.02915591020135e-07,,"ILP/pipeline, Branch, Memory/cache, TLB"
bitonicsort,500,parallel,4,1,0.0018562375,,,0.9358317564428043,0.23395793911070106,0.418226426202089,,2.3910492913635144,,0.10325087811075405,0.17904890283517114,1162232.0,,2778954.0,,,,0.0,,24844.0,,623.0,,683.0,,725.0,,0.06,,0.0,,0.06,,32.32344998956222,,0.00011137424999999998,,2.0673705938437496e-07,,"ILP/pipeline, Branch, Memory/cache, TLB"
bitonicsort,500,parallel,8,1,0.001984355,,,0.8754109017791674,0.10942636272239592,0.2023989450541933,,4.940737214476316,,0.09115273857383173,0.11912117483557436,1325503.0,,6548962.0,,,,0.0,,29743.0,,625.0,,692.0,,687.0,,0.03,,0.0,,0.03,,15.118262609260942,,5.953065e-05,,1.1812994298075e-07,,"ILP/pipeline, Branch, Memory/cache, TLB"
bitonicsort,500,serial,1,1,0.0017371259999999999,,,1.0,1.0,0.7271746161370571,,1.3751855163925593,,0.09791723129737764,0.22436338609772882,1057858.0,,1454751.0,,,,0.0,,16490.0,,611.0,,589.0,,630.0,,0.03,,0.0,,0.03,,17.269904428348894,,5.2113779999999994e-05,,9.052820219627999e-08,,"ILP/pipeline, Branch, Memory/cache, TLB"
bitonicsort,1000,parallel,2,1,0.002636019,,,0.6972770302490233,0.34863851512451166,0.7142852472170884,,1.4000009154551054,,0.08177472021281815,0.23965138442287826,1529294.0,,2141013.0,,,,0.0,,20703.0,,644.0,,640.0,,611.0,,0.05,,0.0,,0.05,,18.967996816411418,,0.00013180095,,3.4742980841805e-07,,"ILP/pipeline, Branch, Memory/cache, TLB"
bitonicsort,1000,parallel,4,1,0.001903671,,,0.9655216158674478,0.24138040396686194,0.47641204228027606,,2.099023347969223,,0.09876844383238245,0.1639139344262295,1583778.0,,3324387.0,,,,0.0,,26635.0,,608.0,,661.0,,781.0,,0.05,,0.0,,0.05,,26.265042646549748,,9.518355000000001e-05,,1.8119816381205002e-07,,"ILP/pipeline, Branch, Memory/cache, TLB"
bitonicsort,1000,parallel,8,1,0.0020000010000000004,,,0.9190172904913547,0.11487716131141934,0.2509219969797247,,3.985302253436167,,0.0961643687635473,0.10387105866296793,1740675.0,,6937116.0,,,,0.0,,35417.0,,613.0,,714.0,,703.0,,0.06,,0.0,,0.06,,29.99998500000749,,0.00012000006000000002,,2.400002400000601e-07,,"ILP/pipeline, Branch, Memory/cache, TLB"
bitonicsort,1000,serial,1,1,0.0018380355000000002,,,1.0,1.0,0.8408924812488707,,1.1892126785517538,,0.08970336929629913,0.22316717578450432,1461271.0,,1737762.0,,,,0.0,,16526.0,,611.0,,614.0,,582.0,,0.06,,0.0,,0.06,,32.64354796194088,,0.00011028213000000001,,2.0270246995561505e-07,,"ILP/pipeline, Branch, Memory/cache, TLB"
bottomupsort,100,parallel,2,1,0.001739156,,,1.3755623417335765,0.6877811708667882,0.5833426336454857,,1.7142583831918743,,0.09332740778363278,0.2288995983935743,804944.0,,1379882.0,,,,0.0,,17231.0,,631.0,,641.0,,570.0,,0.06,,0.0,,0.06,,34.499492857454996,,0.00010434936,,1.8147981554016e-07,,"ILP/pipeline, Branch, Memory/cache, TLB"
bottomupsort,100,parallel,4,1,0.001719541,,,1.391253538008108,0.347813384502027,0.45395935536780607,,2.202840382460632,,0.08870747996685703,0.19772703197590835,826438.0,,1820511.0,,,,0.0,,17931.0,,636.0,,639.0,,625.0,,0.02,,0.0,,0.02,,11.63101083370504,,3.439082e-05,,5.913642501361999e-08,,"ILP/pipeline, Branch, Memory/cache, TLB"
bottomupsort,100,parallel,8,1,0.0018956045000000001,,,1.262034089916963,0.15775426123962039,0.2371897581759642,,4.216033641967496,,0.08073388259626262,0.19045583835644703,908627.0,,3830802.0,,,,0.0,,18822.0,,632.0,,710.0,,664.0,,0.05,,0.0,,0.05,,26.376810141566978,,9.4780225e-05,,1.7966582102101253e-07,,"ILP/pipeline, Branch, Memory/cache, TLB"
bottomupsort,100,serial,1,1,0.0023923175,,,1.0,1.0,0.7577265024977443,,1.3197373943020778,,0.08017326140681885,0.2613942511076971,688637.0,,908820.0,,,,0.0,,13473.0,,432.0,,472.0,,470.0,,0.05,,0.0,,0.05,,20.900235859161672,,0.000119615875,,2.861591510403125e-07,,"ILP/pipeline, Branch, Memory/cache, TLB"
bottomupsort,500,parallel,2,1,0.001747861,,,0.8735525879918369,0.43677629399591844,0.613946059310512,,1.628807587954947,,0.09510475164756263,0.21154627574781984,896368.0,,1460011.0,,,,0.0,,17620.0,,646.0,,634.0,,604.0,,0.06,,0.0,,0.06,,34.32767250942723,,0.00010487166,,1.8330108451926002e-07,,"ILP/pipeline, Branch, Memory/cache, TLB"
bottomupsort,500,parallel,4,1,0.002797639,,,0.5457632310673393,0.13644080776683482,0.4479814339438962,,2.232235365640704,,0.07967161845191556,0.24512812643854534,927714.0,,2070876.0,,,,0.0,,18651.0,,653.0,,646.0,,661.0,,0.07,,0.0,,0.07,,25.02109814740215,,0.00019583473000000002,,5.478748782024701e-07,,"ILP/pipeline, Branch, Memory/cache, TLB"
bottomupsort,500,parallel,8,1,0.0019226035,,,0.7941567255026843,0.09926959068783554,0.21889542235038859,,4.568391560054133,,0.0803938413853514,0.18474535292193478,1030054.0,,4705690.0,,,,0.0,,19580.0,,612.0,,709.0,,807.0,,0.06,,0.0,,0.06,,31.207682707328892,,0.00011535620999999999,,2.2178425309273495e-07,,"ILP/pipeline, Branch, Memory/cache, TLB"
bottomupsort,500,serial,1,1,0.0015268485,,,1.0,1.0,0.7264832469498852,,1.3764942332785586,,0.09487626350644823,0.23124973620900688,780166.0,,1073894.0,,,,0.0,,13543.0,,475.0,,494.0,,491.0,,0.06,,0.0,,0.06,,39.29662962631852,,9.161091000000001e-05,,1.39875980517135e-07,,"ILP/pipeline, Branch, Memory/cache, TLB"
bottomupsort,1000,parallel,2,1,0.001805877,,,0.8633680477684803,0.43168402388424015,0.5353260217928253,,1.868020531957265,,0.09693619306253054,0.21260915732919156,1026887.0,,1918246.0,,,,0.0,,17668.0,,598.0,,628.0,,649.0,,0.05,,0.0,,0.05,,27.687378487017668,,9.029385e-05,,1.6305958695645e-07,,"ILP/pipeline, Branch, Memory/cache, TLB"
bottomupsort,1000,parallel,4,1,0.0017971605,,,0.8675555132666225,0.21688887831665563,0.4795791170882567,,2.085161685253219,,0.09633544475964714,0.1981180172175205,1042241.0,,2173241.0,,,,0.0,,18875.0,,631.0,,671.0,,630.0,,0.06,,0.0,,0.06,,33.3859997479357,,0.00010782963,,1.93787151765615e-07,,"ILP/pipeline, Branch, Memory/cache, TLB"
bottomupsort,1000,parallel,8,1,0.001918189,,,0.8128169330550847,0.10160211663188559,0.2574485889521366,,3.8842706579600415,,0.08709069684115628,0.18092498401845522,1130327.0,,4390496.0,,,,0.0,,20013.0,,616.0,,692.0,,648.0,,0.03,,0.0,,0.03,,15.639751870123328,,5.754567e-05,,1.1038347119163e-07,,"ILP/pipeline, Branch, Memory/cache, TLB"
bottomupsort,1000,serial,1,1,0.0015591365,,,1.0,1.0,0.7428697959132994,,1.3461309175594889,,0.09824130389190161,0.22768491433347263,897435.0,,1208065.0,,,,0.0,,13527.0,,439.0,,482.0,,569.0,,0.03,,0.0,,0.03,,19.24141985002596,,4.6774094999999996e-05,,7.29271987689675e-08,,"ILP/pipeline, Branch, Memory/cache, TLB"
combsort,100,parallel,2,1,0.0017778865,,,0.9415350754955393,0.47076753774776964,0.6066180459375353,,1.6484837645317463,,0.09015272795260408,0.23443363225847486,810725.0,,1336467.0,,,,0.0,,17308.0,,643.0,,639.0,,644.0,,0.06,,0.0,,0.06,,33.74793610278272,,0.00010667319,,1.89652824412935e-07,,"ILP/pipeline, Branch, Memory/cache, TLB"
combsort,100,parallel,4,1,0.0017246705,,,0.9705868454293154,0.24264671135732885,0.46100114153287275,,2.1691920255878427,,0.08881491720499873,0.2128222598995389,830707.0,,1801963.0,,,,0.0,,17763.0,,727.0,,639.0,,644.0,,0.06,,0.0,,0.06,,34.7892539473482,,0.00010348023,,1.7846930001421497e-07,,"ILP/pipeline, Branch, Memory/cache, TLB"
combsort,100,parallel,8,1,0.002721356,,,0.6151133846508873,0.07688917308136091,0.7466832083309837,,1.339256044387606,,0.07891126434587578,0.28495422157883854,794456.0,,1063980.0,,,,0.0,,16360.0,,593.0,,582.0,,572.0,,0.05,,0.0,,0.05,,18.37319336389653,,0.0001360678,,3.702889239368e-07,,"ILP/pipeline, Branch, Memory/cache, TLB"
combsort,100,serial,1,1,0.0016739425,,,1.0,1.0,0.6641822364928072,,1.5056108776417565,,0.09163210304860114,0.2464747254270173,788112.0,,1186590.0,,,,0.0,,16340.0,,597.0,,603.0,,593.0,,0.05,,0.0,,0.05,,29.869604242678587,,8.369712500000001e-05,,1.4010417466531253e-07,,"ILP/pipeline, Branch, Memory/cache, TLB"
combsort,500,parallel,2,1,0.0017936215,,,0.9495253039729955,0.47476265198649775,0.6129202791287799,,1.6315335518371572,,0.08900099139512847,0.2088744092139678,933317.0,,1522738.0,,,,0.0,,18015.0,,642.0,,635.0,,623.0,,0.32,,0.01,,0.33,,183.98530570691756,,0.000591895095,,1.0616357681365424e-06,,"ILP/pipeline, Branch, Memory/cache, TLB"
combsort,500,parallel,4,1,0.001808667,,,0.9416266233640577,0.23540665584101442,0.45873388432899775,,2.179913091579722,,0.0868076525173169,0.1908419697893382,963543.0,,2100440.0,,,,0.0,,19611.0,,641.0,,644.0,,652.0,,0.05,,0.0,,0.05,,27.644668697996927,,9.043335e-05,,1.6356381584445e-07,,"ILP/pipeline, Branch, Memory/cache, TLB"
combsort,500,parallel,8,1,0.001936591,,,0.8794262701830174,0.10992828377287718,0.16267960673985016,,6.147051987893938,,0.06521056433125019,0.18230668236759112,1161732.0,,7141227.0,,,,0.0,,20458.0,,599.0,,703.0,,695.0,,0.06,,0.0,,0.06,,30.98227762082959,,0.00011619546,,2.2502308207686e-07,,"ILP/pipeline, Branch, Memory/cache, TLB"
combsort,500,serial,1,1,0.001703089,,,1.0,1.0,0.7435826592836846,,1.3448403987302904,,0.08981831428441328,0.22306234929383398,906979.0,,1219742.0,,,,0.0,,16260.0,,644.0,,600.0,,598.0,,0.03,,0.0,,0.03,,17.61505123924821,,5.109267e-05,,8.701536425762999e-08,,"ILP/pipeline, Branch, Memory/cache, TLB"
combsort,1000,parallel,2,1,0.0018179565,,,1.1186642804709575,0.5593321402354787,0.647066790072713,,1.5454355181597665,,0.08574615349355987,0.21101850882049286,1094122.0,,1690895.0,,,,0.0,,18925.0,,635.0,,646.0,,638.0,,0.05,,0.0,,0.05,,27.503408359881,,9.0897825e-05,,1.652482917946125e-07,,"ILP/pipeline, Branch, Memory/cache, TLB"
combsort,1000,parallel,4,1,0.0018438935,,,1.1029286669756144,0.2757321667439036,0.4587778519871573,,2.1797041763646283,,0.08437137330754352,0.16023139899411354,1140274.0,,2485460.0,,,,0.0,,23773.0,,616.0,,652.0,,646.0,,0.06,,0.0,,0.06,,32.539840289040555,,0.00011063361,,2.03996594360535e-07,,"ILP/pipeline, Branch, Memory/cache, TLB"
combsort,1000,parallel,8,1,0.0019673485,,,1.0337177170186167,0.1292147146273271,0.2281807064510347,,4.382491471576674,,0.07006499361487713,0.16969075893664476,1262836.0,,5534368.0,,,,0.0,,22703.0,,633.0,,722.0,,714.0,,0.06,,0.0,,0.06,,30.497901109030757,,0.00011804091,,2.32227607227135e-07,,"ILP/pipeline, Branch, Memory/cache, TLB"
combsort,1000,serial,1,1,0.002033683,,,1.0,1.0,0.7128478236172261,,1.4028239504550475,,0.07760393575026575,0.26491523230231656,1072965.0,,1505181.0,,,,0.0,,16393.0,,601.0,,604.0,,583.0,,0.03,,0.0,,0.03,,14.75156157572247,,6.101049e-05,,1.2407599633467001e-07,,"ILP/pipeline, Branch, Memory/cache, TLB"
countingsort,100,parallel,2,1,0.011794622000000001,,,0.6407165486100359,0.32035827430501795,0.8744785127515968,,1.1435386752425083,,0.0025670995860283758,0.38179947330787073,35000957.0,,40024948.0,,,,0.0,,289829.0,,1086.0,,21247.0,,730.0,,0.3,,0.01,,0.31,,26.28316532738395,,0.00365633282,,4.312506351809405e-05,,"ILP/pipeline, Memory/cache, TLB"
countingsort,100,parallel,4,1,0.010330164999999999,,,0.7315478019954184,0.1828869504988546,0.5181230069325381,,1.9300436124624831,,0.0023656224712140343,0.3501348969496989,46433058.0,,89617827.0,,,,0.0,,294382.0,,1221.0,,37997.0,,748.0,,0.39,,0.01,,0.4,,38.72154994620125,,0.004132065999999999,,4.2684923570889986e-05,,"ILP/pipeline, Memory/cache, TLB"
countingsort,100,parallel,8,1,0.0125732075,,,0.6010407050070556,0.07513008812588196,0.32035979423166233,,3.1214903305777137,,0.0020544297257087717,0.33210826818921585,70074869.0,,218738026.0,,,,0.0,,355411.0,,1438.0,,59856.0,,828.0,,0.52,,0.02,,0.54,,42.94846800229775,,0.00678953205,,8.536619529255037e-05,,"ILP/pipeline, Memory/cache, TLB"
countingsort,100,serial,1,1,0.0075570095,,,1.0,1.0,1.4254689372877698,,0.7015235294447687,,0.004930502010961302,0.27485159832179457,9624494.0,,6751809.0,,,,0.0,,25199.0,,690.0,,6582.0,,711.0,,0.18,,0.01,,0.19,,25.142220609885435,,0.0014358318049999999,,1.0850594590787145e-05,,"Memory/cache, TLB"
countingsort,500,parallel,2,1,0.0111832075,,,0.6477651872237907,0.32388259361189536,0.8628820753343064,,1.1589069104403056,,0.00264554139013172,0.392634590212692,35253470.0,,40855490.0,,,,0.0,,319731.0,,1217.0,,21789.0,,698.0,,0.35,,0.01,,0.36,,32.19112226970661,,0.0040259547,,4.502308679570025e-05,,"ILP/pipeline, Memory/cache, TLB"
countingsort,500,parallel,4,1,0.010612481,,,0.6826012220893494,0.17065030552233734,0.5136566631712636,,1.94682571394305,,0.0024020438592272154,0.3691464463603449,46767981.0,,91049108.0,,,,0.0,,323126.0,,1310.0,,38524.0,,838.0,,0.43,,0.01,,0.44,,41.460616042563466,,0.00466949164,,4.955489130915884e-05,,"ILP/pipeline, Memory/cache, TLB"
countingsort,500,parallel,8,1,0.012788335500000001,,,0.566460936218009,0.07080761702725112,0.32549298050400577,,3.0722628747678726,,0.0020907924265824375,0.33947218436987225,70381133.0,,216229342.0,,,,0.0,,382903.0,,1505.0,,61207.0,,798.0,,0.52,,0.02,,0.54,,42.22598007379459,,0.006905701170000001,,8.831242342470256e-05,,"ILP/pipeline, Memory/cache, TLB"
countingsort,500,serial,1,1,0.0072440925,,,1.0,1.0,1.4577457805785328,,0.6859906667698479,,0.00502818319409957,0.28817767042404724,9717536.0,,6666139.0,,,,0.0,,46908.0,,756.0,,7244.0,,597.0,,0.21,,0.01,,0.22,,30.369573552518826,,0.00159370035,,1.1544912752682376e-05,,"Memory/cache, TLB"
countingsort,1000,parallel,2,1,0.011487719,,,0.8664473774123479,0.43322368870617395,0.8551472152431805,,1.1693892959887935,,0.0026758994634949406,0.3897459092510167,35700355.0,,41747613.0,,,,0.0,,348958.0,,1397.0,,21931.0,,690.0,,0.36,,0.01,,0.37,,32.20830871646495,,0.00425045603,,4.882804449449558e-05,,"ILP/pipeline, Memory/cache, TLB"
countingsort,1000,parallel,4,1,0.0113789425,,,0.874730142981213,0.21868253574530325,0.5149850299370249,,1.9418040173367475,,0.0021191534088957718,0.3512683745727107,47328370.0,,91902419.0,,,,0.0,,355758.0,,1417.0,,38406.0,,749.0,,0.42,,0.01,,0.43,,37.78910034917568,,0.0048929452749999994,,5.567654293987168e-05,,"ILP/pipeline, Memory/cache, TLB"
countingsort,1000,parallel,8,1,0.013435935,,,0.7408121578438717,0.09260151973048396,0.30455307790548736,,3.2834998972176934,,0.002106103277002318,0.37386626979439114,71797377.0,,235746680.0,,,,0.0,,427132.0,,1930.0,,61878.0,,789.0,,0.51,,0.02,,0.53,,39.44645460103819,,0.00712104555,,9.567790514183925e-05,,"ILP/pipeline, Memory/cache, TLB"
countingsort,1000,serial,1,1,0.009953504,,,1.0,1.0,1.549771881656396,,0.6452562547019501,,0.0047558650707017714,0.1968473369996765,9869575.0,,6368405.0,,,,0.0,,69679.0,,700.0,,7978.0,,612.0,,0.16,,0.01,,0.17,,17.079412436062718,,0.0016920956800000001,,1.684228111926272e-05,,"Memory/cache, TLB"
heapsort,100,parallel,2,1,0.0017077915,,,1.6024031622127175,0.8012015811063588,0.5847401514290821,,1.7101613384270586,,0.09231449778247582,0.22007517427516435,808053.0,,1381901.0,,,,0.0,,17398.0,,636.0,,625.0,,605.0,,0.06,,0.0,,0.06,,35.13309440877297,,0.00010246748999999999,,1.7499310844833497e-07,,"ILP/pipeline, Branch, Memory/cache, TLB"
heapsort,100,parallel,4,1,0.0017862155,,,1.5320494643563445,0.3830123660890861,0.44196199937180247,,2.262637967565953,,0.08916161303173831,0.20958172869611766,830177.0,,1878390.0,,,,0.0,,18372.0,,656.0,,646.0,,642.0,,0.05,,0.0,,0.05,,27.992143165256376,,8.9310775e-05,,1.5952829062201252e-07,,"ILP/pipeline, Branch, Memory/cache, TLB"
heapsort,100,parallel,8,1,0.0019264135,,,1.4205519739142194,0.17756899673927742,0.22966955248626675,,4.3540817194730055,,0.07928396117213654,0.19302368907550982,916746.0,,3991587.0,,,,0.0,,19301.0,,646.0,,701.0,,740.0,,0.05,,0.0,,0.05,,25.954967612093665,,9.632067500000001e-05,,1.8555344864911253e-07,,"ILP/pipeline, Branch, Memory/cache, TLB"
heapsort,100,serial,1,1,0.0027365705,,,1.0,1.0,0.745321441312879,,1.341702981519633,,0.08118231848038346,0.2542660907739149,783426.0,,1051125.0,,,,0.0,,16312.0,,522.0,,594.0,,579.0,,0.03,,0.0,,0.03,,10.962626396798475,,8.2097115e-05,,2.2466454304410748e-07,,"ILP/pipeline, Branch, Memory/cache, TLB"
heapsort,500,parallel,2,1,0.0017735774999999999,,,0.9950582931955329,0.4975291465977664,0.5892424185666806,,1.6970943850791977,,0.09416787781560697,0.23121460037759597,912337.0,,1548322.0,,,,0.0,,17940.0,,706.0,,628.0,,610.0,,0.05,,0.0,,0.05,,28.191607076657213,,8.8678875e-05,,1.5727885742531247e-07,,"ILP/pipeline, Branch, Memory/cache, TLB"
heapsort,500,parallel,4,1,0.0024533124999999998,,,0.7193592336891449,0.17983980842228622,0.3957198222219269,,2.527040456010267,,0.0773987368102568,0.24198228231009045,952961.0,,2408171.0,,,,0.0,,18966.0,,583.0,,649.0,,625.0,,0.05,,0.0,,0.05,,20.38060785162918,,0.000122665625,,3.0093711113281243e-07,,"ILP/pipeline, Branch, Memory/cache, TLB"
heapsort,500,parallel,8,1,0.0019919885,,,0.8859554159072707,0.11074442698840883,0.15576400929045767,,6.419968287637429,,0.06936384439359268,0.18829563877003216,1142772.0,,7336560.0,,,,0.0,,20719.0,,608.0,,707.0,,700.0,,0.06,,0.0,,0.06,,30.120655817039104,,0.00011951930999999999,,2.3808109104793496e-07,,"ILP/pipeline, Branch, Memory/cache, TLB"
heapsort,500,serial,1,1,0.001764813,,,1.0,1.0,0.6747665901971693,,1.4819939435765428,,0.09489567615380613,0.2616058801962393,885341.0,,1312070.0,,,,0.0,,16485.0,,680.0,,610.0,,649.0,,0.03,,0.0,,0.03,,16.998968162632526,,5.294439e-05,,9.343694774907e-08,,"ILP/pipeline, Branch, Memory/cache, TLB"
heapsort,1000,parallel,2,1,0.0017867135,,,0.9837318629987404,0.4918659314993702,0.5889655280036205,,1.6978922406369645,,0.09716489758793194,0.20796857116342377,1056762.0,,1794268.0,,,,0.0,,18318.0,,620.0,,650.0,,696.0,,0.06,,0.0,,0.06,,33.58120929852492,,0.00010720281,,1.91540707864935e-07,,"ILP/pipeline, Branch, Memory/cache, TLB"
heapsort,1000,parallel,4,1,0.0022138465,,,0.7939335450764089,0.19848338626910222,0.44727606924409297,,2.2357556524095363,,0.09283178332248737,0.18151255795710824,1088695.0,,2434056.0,,,,0.0,,20046.0,,616.0,,670.0,,645.0,,0.06,,0.0,,0.06,,27.102150036147492,,0.00013283079,,2.94066979533735e-07,,"ILP/pipeline, Branch, Memory/cache, TLB"
heapsort,1000,parallel,8,1,0.0020367385000000003,,,0.8629713632849773,0.10787142041062216,0.15904773538605999,,6.287420550645871,,0.07112223808272854,0.16772449742983325,1313730.0,,8259973.0,,,,0.0,,21905.0,,608.0,,710.0,,733.0,,0.05,,0.0,,0.05,,24.54905232065874,,0.00010183692500000002,,2.0741518586911257e-07,,"ILP/pipeline, Branch, Memory/cache, TLB"
heapsort,1000,serial,1,1,0.001757647,,,1.0,1.0,0.7322239171965441,,1.3657024531903936,,0.09646563339311687,0.22442511411592456,1027193.0,,1402840.0,,,,0.0,,16618.0,,599.0,,596.0,,583.0,,0.06,,0.0,,0.06,,34.13654732719368,,0.00010545882,,1.8535937859653998e-07,,"ILP/pipeline, Branch, Memory/cache, TLB"
insertionsort,100,parallel,2,1,0.0077205675,,,0.20522688260934185,0.10261344130467093,0.05439093815167708,,18.385415548659115,,0.020651431856562825,0.2681747345082981,2627442.0,,48306613.0,,,,0.0,,17197.0,,597.0,,640.0,,628.0,,0.03,,0.0,,0.03,,3.8857247216606807,,0.000231617025,,1.7882148756616875e-06,,"ILP/pipeline, Memory/cache, TLB"
insertionsort,100,parallel,4,1,0.0017632454999999998,,,0.8986088437486442,0.22465221093716106,0.43145067887015054,,2.317762026980053,,0.08841148748641608,0.21334456506190697,840028.0,,1946985.0,,,,0.0,,17731.0,,631.0,,661.0,,652.0,,0.39,,0.01,,0.4,,226.85440002540773,,0.0007052982,,1.2436138773080999e-06,,"ILP/pipeline, Branch, Memory/cache, TLB"
insertionsort,100,parallel,8,1,0.0019536455,,,0.8110314793548777,0.10137893491935972,0.22893103216082988,,4.368127774383486,,0.0778487742817538,0.19684352325260998,924755.0,,4039448.0,,,,0.0,,18730.0,,666.0,,723.0,,711.0,,0.06,,0.0,,0.06,,30.711815424036754,,0.00011721873,,2.29003844380215e-07,,"ILP/pipeline, Branch, Memory/cache, TLB"
insertionsort,100,serial,1,1,0.001584468,,,1.0,1.0,0.6679235873777724,,1.4971772503587417,,0.09186241343501335,0.22797782828887028,720574.0,,1078827.0,,,,0.0,,14454.0,,566.0,,544.0,,498.0,,0.03,,0.0,,0.03,,18.933799862161937,,4.753404e-05,,7.531616529072e-08,,"ILP/pipeline, Branch, Memory/cache, TLB"
insertionsort,500,parallel,2,1,0.002757623,,,0.5764382948648166,0.2882191474324083,0.6417948449130585,,1.5581303089704097,,0.0777928608107215,0.2636079179425397,899892.0,,1402149.0,,,,0.0,,17327.0,,571.0,,627.0,,621.0,,0.04,,0.0,,0.04,,14.505246003532754,,0.00011030491999999999,,3.0417938440515995e-07,,"ILP/pipeline, Branch, Memory/cache, TLB"
insertionsort,500,parallel,4,1,0.0017716630000000001,,,0.8972358174212589,0.22430895435531473,0.41768298721713937,,2.394160237798083,,0.08806383071829006,0.2401393750098096,927846.0,,2221412.0,,,,0.0,,17537.0,,616.0,,627.0,,611.0,,0.03,,0.0,,0.03,,16.93324294744542,,5.3149890000000004e-05,,9.416369356707001e-08,,"ILP/pipeline, Branch, Memory/cache, TLB"
insertionsort,500,parallel,8,1,0.001949682,,,0.8153121893724207,0.10191402367155258,0.2246319613721315,,4.451726254321273,,0.07739997199343118,0.22445413542817885,1019954.0,,4540556.0,,,,0.0,,18440.0,,572.0,,693.0,,664.0,,0.06,,0.0,,0.06,,30.774249339122992,,0.00011698092,,2.2807559406744002e-07,,"ILP/pipeline, Branch, Memory/cache, TLB"
insertionsort,500,serial,1,1,0.0015895994999999999,,,1.0,1.0,0.695477331284575,,1.4378613867298295,,0.09239678873365775,0.2169065317096315,803848.0,,1155822.0,,,,0.0,,14327.0,,544.0,,507.0,,528.0,,0.03,,0.0,,0.03,,18.87267830670556,,4.7687984999999994e-05,,7.580479711200748e-08,,"ILP/pipeline, Branch, Memory/cache, TLB"
insertionsort,1000,parallel,2,1,0.0017639885,,,0.9124350867366766,0.4562175433683383,0.58648471998226,,1.7050742601277795,,0.09268512487396607,0.21592065517631287,1007674.0,,1718159.0,,,,0.0,,17426.0,,651.0,,610.0,,634.0,,0.05,,0.0,,0.05,,28.34485598970742,,8.8199425e-05,,1.555827714066125e-07,,"ILP/pipeline, Branch, Memory/cache, TLB"
insertionsort,1000,parallel,4,1,0.0018097735,,,0.8893516232832452,0.2223379058208113,0.4152794038660598,,2.408017326865867,,0.08873821884728901,0.2345591590741003,1040696.0,,2506014.0,,,,0.0,,17882.0,,662.0,,639.0,,635.0,,0.03,,0.0,,0.03,,16.57666000745397,,5.4293205e-05,,9.82584036390675e-08,,"ILP/pipeline, Branch, Memory/cache, TLB"
insertionsort,1000,parallel,8,1,0.0030134504999999997,,,0.5341136348514768,0.0667642043564346,0.1997531310109939,,5.006179352177276,,0.06281946943088038,0.23963986771942594,1179088.0,,5902726.0,,,,0.0,,18799.0,,606.0,,698.0,,657.0,,0.05,,0.0,,0.05,,16.592275200803865,,0.00015067252499999999,,4.540441957975124e-07,,"ILP/pipeline, Branch, Memory/cache, TLB"
insertionsort,1000,serial,1,1,0.001609525,,,1.0,1.0,0.7301043662038406,,1.3696671959373083,,0.09364134941301407,0.20531552352226878,911317.0,,1248201.0,,,,0.0,,14494.0,,511.0,,540.0,,568.0,,0.06,,0.0,,0.06,,37.27807893633214,,9.65715e-05,,1.5543424353750003e-07,,"ILP/pipeline, Branch, Memory/cache, TLB"
mergesort,100,parallel,2,1,0.0017476065,,,0.8624810562331966,0.4312405281165983,0.571118489602597,,1.7509501411796924,,0.09397876069697907,0.20147716106127367,810669.0,,1419441.0,,,,0.0,,17371.0,,629.0,,617.0,,627.0,,0.06,,0.0,,0.06,,34.332671571088795,,0.00010485639,,1.83247708730535e-07,,"ILP/pipeline, Branch, Memory/cache, TLB"
mergesort,100,parallel,4,1,0.002835585,,,0.5315578619579382,0.13288946548948455,0.5091866035181847,,1.9639165545412602,,0.07820326385522701,0.23662280701754385,827942.0,,1626009.0,,,,0.0,,18250.0,,612.0,,653.0,,619.0,,0.05,,0.0,,0.05,,17.633045738357342,,0.00014177925,,4.0202711461124996e-07,,"ILP/pipeline, Branch, Memory/cache, TLB"
mergesort,100,parallel,8,1,0.0019342225,,,0.7792678970490727,0.09740848713113409,0.22124718810410196,,4.519831454443057,,0.07879728712805684,0.1789245982694685,928651.0,,4197346.0,,,,0.0,,19677.0,,639.0,,697.0,,715.0,,0.05,,0.0,,0.05,,25.850180111129927,,9.6711125e-05,,1.870608339753125e-07,,"ILP/pipeline, Branch, Memory/cache, TLB"
mergesort,100,serial,1,1,0.0015072775,,,1.0,1.0,0.6956678406854209,,1.4374676268127182,,0.09265414986007278,0.19949378739070409,693089.0,,996293.0,,,,0.0,,13559.0,,433.0,,513.0,,497.0,,0.03,,0.0,,0.03,,19.903435167047874,,4.5218324999999995e-05,,6.81565638601875e-08,,"ILP/pipeline, Branch, Memory/cache, TLB"
mergesort,500,parallel,2,1,0.001745135,,,0.8681084844438968,0.4340542422219484,0.609469150627587,,1.640772135833738,,0.08899706608628029,0.21237494903879323,908493.0,,1490630.0,,,,0.0,,17771.0,,605.0,,622.0,,627.0,,0.06,,0.0,,0.06,,34.38129428382331,,0.00010470810000000001,,1.8272977009350003e-07,,"ILP/pipeline, Branch, Memory/cache, TLB"
mergesort,500,parallel,4,1,0.001787854,,,0.8473658922932186,0.21184147307330464,0.44718874252986857,,2.236192249256382,,0.0925973640840654,0.19517365303085604,934620.0,,2089990.0,,,,0.0,,19001.0,,649.0,,633.0,,641.0,,0.06,,0.0,,0.06,,33.55978732044115,,0.00010727124,,1.9178531551895998e-07,,"ILP/pipeline, Branch, Memory/cache, TLB"
mergesort,500,parallel,8,1,0.0019126715,,,0.7920683191023654,0.09900853988779568,0.2415603551354354,,4.139752151959418,,0.08144715204066377,0.17010234015158554,1026274.0,,4248520.0,,,,0.0,,20620.0,,625.0,,703.0,,670.0,,0.06,,0.0,,0.06,,31.36973599491601,,0.00011476029,,2.19498736014735e-07,,"ILP/pipeline, Branch, Memory/cache, TLB"
mergesort,500,serial,1,1,0.0015149665,,,1.0,1.0,0.7050441034267546,,1.4183509870370652,,0.09871808549465728,0.21524848235415167,789636.0,,1119981.0,,,,0.0,,13485.0,,429.0,,484.0,,483.0,,0.03,,0.0,,0.03,,19.80241807327093,,4.5448995e-05,,6.88537048836675e-08,,"ILP/pipeline, Branch, Memory/cache, TLB"
mergesort,1000,parallel,2,1,0.001768501,,,0.8908705734404447,0.44543528672022237,0.629862548716603,,1.5876479750027725,,0.09634573246850747,0.211617658841439,1036915.0,,1646256.0,,,,0.0,,17955.0,,600.0,,628.0,,632.0,,0.06,,0.0,,0.06,,33.92703764374462,,0.00010611006,,1.8765574722006e-07,,"ILP/pipeline, Branch, Memory/cache, TLB"
mergesort,1000,parallel,4,1,0.0017693105,,,0.8904629797878891,0.22261574494697228,0.46151142370223963,,2.1667936017228153,,0.09482359672520131,0.21242840129303012,1066162.0,,2310153.0,,,,0.0,,19543.0,,587.0,,633.0,,602.0,,0.06,,0.0,,0.06,,33.91151524845413,,0.00010615863,,1.87827578724615e-07,,"ILP/pipeline, Branch, Memory/cache, TLB"
mergesort,1000,parallel,8,1,0.001927441,,,0.8174078999045885,0.10217598748807356,0.25814926300454194,,3.8737278904507497,,0.0864872394333322,0.17056364496375745,1156740.0,,4480896.0,,,,0.0,,21689.0,,653.0,,693.0,,656.0,,0.05,,0.0,,0.05,,25.941131271981867,,9.637205000000001e-05,,1.8575144042405e-07,,"ILP/pipeline, Branch, Memory/cache, TLB"
mergesort,1000,serial,1,1,0.0015755055,,,1.0,1.0,0.7087678732811666,,1.4108991641658428,,0.10083217167236937,0.22378332628015235,918364.0,,1295719.0,,,,0.0,,13586.0,,437.0,,474.0,,492.0,,0.03,,0.0,,0.03,,19.041507630408145,,4.7265165e-05,,7.44665274159075e-08,,"ILP/pipeline, Branch, Memory/cache, TLB"
oddevensort,100,parallel,2,1,0.0018018449999999998,,,1.4837907811160227,0.7418953905580113,0.5238482734418608,,1.908949691538851,,0.09250048867363117,0.21475807674806613,856834.0,,1635653.0,,,,0.0,,18568.0,,627.0,,631.0,,629.0,,0.06,,0.0,,0.06,,33.2992016516404,,0.00010811069999999999,,1.9479872424149997e-07,,"ILP/pipeline, Branch, Memory/cache, TLB"
oddevensort,100,parallel,4,1,0.0017662955,,,1.5136544253212443,0.37841360633031107,0.38301910104241527,,2.610835849383033,,0.09086097207519245,0.19110310600857813,895915.0,,2339087.0,,,,0.0,,20770.0,,628.0,,645.0,,635.0,,0.03,,0.0,,0.03,,16.98470046489956,,5.2988864999999994e-05,,9.359399379960749e-08,,"ILP/pipeline, Branch, Memory/cache, TLB"
oddevensort,100,parallel,8,1,0.0019532374999999998,,,1.368784390019135,0.17109804875239187,0.2019023809788946,,4.95288859473397,,0.07897159361107112,0.14554503651609413,1015338.0,,5028856.0,,,,0.0,,23983.0,,668.0,,713.0,,686.0,,0.06,,0.0,,0.06,,30.71823062991572,,0.00011719424999999998,,2.2890820388437495e-07,,"ILP/pipeline, Branch, Memory/cache, TLB"
oddevensort,100,serial,1,1,0.0026735609999999996,,,1.0,1.0,0.6963965011784747,,1.4359635614305257,,0.08149928469241774,0.2593987584571389,814302.0,,1169308.0,,,,0.0,,16329.0,,602.0,,590.0,,559.0,,0.04,,0.0,,0.04,,14.961319378910751,,0.00010694243999999998,,2.859171368288399e-07,,"ILP/pipeline, Branch, Memory/cache, TLB"
oddevensort,500,parallel,2,1,0.0018638234999999999,,,1.192510717887182,0.596255358943591,0.46595163192010736,,2.146145504157095,,0.08463100319065181,0.19846611589346583,1114841.0,,2392611.0,,,,0.0,,19680.0,,641.0,,624.0,,602.0,,0.06,,0.0,,0.06,,32.19188941442148,,0.00011182940999999999,,2.0843028234913497e-07,,"ILP/pipeline, Branch, Memory/cache, TLB"
oddevensort,500,parallel,4,1,0.0031454655,,,0.7066138541338317,0.17665346353345793,0.3563407938790513,,2.8063023296160097,,0.07424280937762744,0.18067172366604928,1170107.0,,3283674.0,,,,0.0,,25208.0,,470.0,,649.0,,679.0,,0.06,,0.0,,0.06,,19.075078076678952,,0.00018872793,,5.936371927014149e-07,,"ILP/pipeline, Branch, Memory/cache, TLB"
oddevensort,500,parallel,8,1,0.0020000260000000002,,,1.1113003030960595,0.13891253788700744,0.18424000790572012,,5.427702763189867,,0.07553211652861508,0.11414467825246177,1329297.0,,7215029.0,,,,0.0,,29899.0,,603.0,,710.0,,721.0,,0.05,,0.0,,0.05,,24.999675004224944,,0.00010000130000000001,,2.0000520003380006e-07,,"ILP/pipeline, Branch, Memory/cache, TLB"
oddevensort,500,serial,1,1,0.0022226295,,,1.0,1.0,0.5695459775769216,,1.7557845009359974,,0.08591603680213747,0.2126836945922365,1065174.0,,1870216.0,,,,0.0,,16506.0,,571.0,,597.0,,612.0,,0.05,,0.0,,0.05,,22.49587706813034,,0.000111131475,,2.470040947135125e-07,,"ILP/pipeline, Branch, Memory/cache, TLB"
oddevensort,1000,parallel,2,1,0.002024481,,,1.0200597091303896,0.5100298545651948,0.42232610055285696,,2.3678384989488546,,0.07672537948405836,0.1984072320275506,1524052.0,,3608709.0,,,,0.0,,20078.0,,598.0,,621.0,,616.0,,0.06,,0.0,,0.06,,29.637225540768227,,0.00012146885999999999,,2.4591139916165995e-07,,"ILP/pipeline, Branch, Memory/cache, TLB"
oddevensort,1000,parallel,4,1,0.001967847,,,1.049416697537969,0.26235417438449227,0.34025400928166105,,2.938980798819048,,0.07795508053365223,0.14318467336683416,1586517.0,,4662743.0,,,,0.0,,26076.0,,610.0,,644.0,,613.0,,0.03,,0.0,,0.03,,15.245087651631453,,5.9035409999999995e-05,,1.1617265446226998e-07,,"ILP/pipeline, Branch, Memory/cache, TLB"
oddevensort,1000,parallel,8,1,0.0022846085,,,0.9039148282955263,0.11298935353694078,0.18888283986583562,,5.294287192580886,,0.06957525461339065,0.11031410328578091,1778110.0,,9413825.0,,,,0.0,,32982.0,,625.0,,717.0,,731.0,,0.05,,0.0,,0.05,,21.885587837040788,,0.00011423042500000002,,2.6097179991361254e-07,,"ILP/pipeline, Branch, Memory/cache, TLB"
oddevensort,1000,serial,1,1,0.0020650915,,,1.0,1.0,0.5125573615474618,,1.9510011464490533,,0.0757411829686307,0.21203020276575887,1477606.0,,2882811.0,,,,0.0,,16576.0,,585.0,,570.0,,586.0,,0.06,,0.0,,0.06,,29.05440267416722,,0.00012390549,,2.5587617420233497e-07,,"ILP/pipeline, Branch, Memory/cache, TLB"
quicksort,100,parallel,2,1,0.0016808855,,,0.897921363471813,0.4489606817359065,0.6054179147384605,,1.6517515845760828,,0.09329874369662168,0.22837678204443582,798163.0,,1318367.0,,,,0.0,,17003.0,,632.0,,617.0,,575.0,,0.05,,0.0,,0.05,,29.746226021939034,,8.404427500000001e-05,,1.4126880320551253e-07,,"ILP/pipeline, Branch, Memory/cache, TLB"
quicksort,100,parallel,4,1,0.0017591965,,,0.857950206244726,0.2144875515611815,0.4711909798477979,,2.122281713293866,,0.0892480158954154,0.21619023606164708,816369.0,,1732565.0,,,,0.0,,17784.0,,625.0,,685.0,,640.0,,0.06,,0.0,,0.06,,34.10647986168686,,0.00010555179,,1.8568633953673497e-07,,"ILP/pipeline, Branch, Memory/cache, TLB"
quicksort,100,parallel,8,1,0.0018926009999999998,,,0.7974755376331304,0.0996844422041413,0.2197786281837897,,4.550032950263712,,0.07783630411755967,0.2137556118865101,913498.0,,4156446.0,,,,0.0,,18245.0,,594.0,,706.0,,785.0,,0.06,,0.0,,0.06,,31.702403200674627,,0.00011355605999999999,,2.1491631271205995e-07,,"ILP/pipeline, Branch, Memory/cache, TLB"
quicksort,100,serial,1,1,0.001509303,,,1.0,1.0,0.6835097080421455,,1.4630370106438042,,0.0942674561920583,0.24630749457449275,681993.0,,997781.0,,,,0.0,,13538.0,,598.0,,486.0,,514.0,,0.06,,0.0,,0.06,,39.75344910862829,,9.055818e-05,,1.3667973274854e-07,,"ILP/pipeline, Branch, Memory/cache, TLB"
quicksort,500,parallel,2,1,0.001718116,,,1.337202784910914,0.668601392455457,0.5756637253294986,,1.7371252625438918,,0.09859914368386773,0.2429623213512343,867474.0,,1506911.0,,,,0.0,,17158.0,,594.0,,630.0,,608.0,,0.05,,0.0,,0.05,,29.101643893660267,,8.59058e-05,,1.475961294728e-07,,"ILP/pipeline, Branch, Memory/cache, TLB"
quicksort,500,parallel,4,1,0.0017600720000000001,,,1.305326997986446,0.3263317494966115,0.4389412468475997,,2.2782092300093177,,0.09336834046663618,0.21002989143060696,890790.0,,2029406.0,,,,0.0,,17513.0,,622.0,,620.0,,678.0,,0.06,,0.0,,0.06,,34.08951451986055,,0.00010560432000000001,,1.8587120671104002e-07,,"ILP/pipeline, Branch, Memory/cache, TLB"
quicksort,500,parallel,8,1,0.0019413945,,,1.183411975257991,0.14792649690724888,0.23676605183691077,,4.22357847437022,,0.08380692068990402,0.21039387794372327,974745.0,,4116912.0,,,,0.0,,18451.0,,650.0,,690.0,,738.0,,0.03,,0.0,,0.03,,15.452809823042147,,5.8241835e-05,,1.130703781389075e-07,,"ILP/pipeline, Branch, Memory/cache, TLB"
quicksort,500,serial,1,1,0.0022974695,,,1.0,1.0,0.7702403144254641,,1.2982961048279038,,0.08368015799453561,0.2578387082345574,747053.0,,969896.0,,,,0.0,,13472.0,,425.0,,483.0,,442.0,,0.02,,0.0,,0.02,,8.70522981915538,,4.5949390000000004e-05,,1.0556732206860501e-07,,"ILP/pipeline, Branch, Memory/cache, TLB"
quicksort,1000,parallel,2,1,0.0017812795,,,0.8740655242481599,0.43703276212407993,0.5511138565944668,,1.8145070896590483,,0.10339681500452523,0.239720401359339,953713.0,,1730519.0,,,,0.0,,17210.0,,681.0,,618.0,,617.0,,0.06,,0.0,,0.06,,33.68365267775214,,0.00010687677,,1.90377399427215e-07,,"ILP/pipeline, Branch, Memory/cache, TLB"
quicksort,1000,parallel,4,1,0.004311997,,,0.3610751584474665,0.09026878961186663,0.44905043876466655,,2.2269213292631234,,0.08569929538896279,0.23312153745031144,983733.0,,2190696.0,,,,0.0,,17773.0,,444.0,,669.0,,614.0,,0.03,,0.0,,0.03,,6.95733322634501,,0.00012935990999999997,,5.577995438402698e-07,,"ILP/pipeline, Branch, Memory/cache, TLB"
quicksort,1000,parallel,8,1,0.001954836,,,0.7964632327213127,0.09955790409016409,0.2196879338266387,,4.551911352533022,,0.08739700554647174,0.22391091716198933,1083212.0,,4930685.0,,,,0.0,,18573.0,,644.0,,698.0,,693.0,,0.06,,0.0,,0.06,,30.693111851838207,,0.00011729016000000001,,2.2928302721376003e-07,,"ILP/pipeline, Branch, Memory/cache, TLB"
quicksort,1000,serial,1,1,0.001556955,,,1.0,1.0,0.69229320980423,,1.4444746616578614,,0.10467238251554942,0.2090270854985471,827343.0,,1195076.0,,,,0.0,,13638.0,,473.0,,494.0,,484.0,,0.03,,0.0,,0.03,,19.26837962561538,,4.670865e-05,,7.272326616075e-08,,"ILP/pipeline, Branch, Memory/cache, TLB"
radixsort,100,parallel,2,1,0.0028236240000000003,,,0.5760706807988598,0.2880353403994299,0.6053547009572248,,1.6519240676891371,,0.07665941821328434,0.23607956389123239,832689.0,,1375539.0,,,,0.0,,18129.0,,590.0,,649.0,,646.0,,0.05,,0.0,,0.05,,17.707740124039177,,0.00014118120000000003,,3.9864262466880013e-07,,"ILP/pipeline, Branch, Memory/cache, TLB"
radixsort,100,parallel,4,1,0.001807786,,,0.8997785136072521,0.22494462840181303,0.4102004986146707,,2.4378322390567546,,0.08566537977518504,0.20952202787391264,868915.0,,2118269.0,,,,0.0,,20548.0,,633.0,,681.0,,680.0,,0.05,,0.0,,0.05,,27.65814095252425,,9.038930000000001e-05,,1.6340451108980002e-07,,"ILP/pipeline, Branch, Memory/cache, TLB"
radixsort,100,parallel,8,1,0.0020025025,,,0.8122871257339255,0.10153589071674068,0.20251928250795445,,4.937801416320554,,0.07200879120879121,0.17096553013775478,1004010.0,,4957602.0,,,,0.0,,23919.0,,595.0,,717.0,,690.0,,0.06,,0.0,,0.06,,29.962509410100612,,0.00012015014999999999,,2.4060097575037496e-07,,"ILP/pipeline, Branch, Memory/cache, TLB"
radixsort,100,serial,1,1,0.001626607,,,1.0,1.0,0.676863588799418,,1.4774025616797366,,0.09059185889865462,0.2467323406414586,785266.0,,1160154.0,,,,0.0,,16263.0,,613.0,,579.0,,549.0,,0.06,,0.0,,0.06,,36.886598914181484,,9.759642e-05,,1.5875101994693999e-07,,"ILP/pipeline, Branch, Memory/cache, TLB"
radixsort,500,parallel,2,1,0.001750612,,,0.9760041059926472,0.4880020529963236,0.5935437894205926,,1.6847956592658195,,0.08749415714103599,0.19988119988119987,892015.0,,1502863.0,,,,0.0,,19471.0,,652.0,,643.0,,618.0,,0.03,,0.0,,0.03,,17.13686413665621,,5.251835999999999e-05,,9.193927123631999e-08,,"ILP/pipeline, Branch, Memory/cache, TLB"
radixsort,500,parallel,4,1,0.0018722485000000001,,,0.9125949359820558,0.22814873399551394,0.40836149481047673,,2.4488107049958434,,0.08395639489633494,0.17125988739200804,932275.0,,2282965.0,,,,0.0,,23480.0,,618.0,,685.0,,675.0,,0.05,,0.0,,0.05,,26.705856621062857,,9.361242500000001e-05,,1.7526572228761253e-07,,"ILP/pipeline, Branch, Memory/cache, TLB"
radixsort,500,parallel,8,1,0.0033260365,,,0.5137058778519118,0.06421323473148897,0.15992363858843767,,6.2529842919188,,0.05203359377637408,0.16532958581845947,1149854.0,,7190019.0,,,,0.0,,27558.0,,561.0,,730.0,,676.0,,0.05,,0.0,,0.05,,15.032907786790675,,0.000166301825,,5.531259399666125e-07,,"ILP/pipeline, Branch, Memory/cache, TLB"
radixsort,500,serial,1,1,0.0017086045,,,1.0,1.0,0.6785973980745945,,1.4736278135420664,,0.0882284109524924,0.23182489359854078,841777.0,,1240466.0,,,,0.0,,16421.0,,610.0,,585.0,,596.0,,0.06,,0.0,,0.06,,35.116377137014446,,0.00010251627,,1.75159760245215e-07,,"ILP/pipeline, Branch, Memory/cache, TLB"
radixsort,1000,parallel,2,1,0.001801448,,,0.9881684067483492,0.4940842033741746,0.5860597405112316,,1.7063106896366573,,0.0836453133666112,0.17189163610552466,968452.0,,1652480.0,,,,0.0,,21802.0,,643.0,,635.0,,653.0,,0.06,,0.0,,0.06,,33.30654007220858,,0.00010808687999999999,,1.9471289380223998e-07,,"ILP/pipeline, Branch, Memory/cache, TLB"
radixsort,1000,parallel,4,1,0.0017833385,,,0.9982030893181525,0.24955077232953812,0.40983396957022045,,2.4400124788305555,,0.08001801320029835,0.1342524224708191,1009710.0,,2463705.0,,,,0.0,,26368.0,,622.0,,682.0,,675.0,,0.06,,0.0,,0.06,,33.64476233760444,,0.00010700031,,1.90817772334935e-07,,"ILP/pipeline, Branch, Memory/cache, TLB"
radixsort,1000,parallel,8,1,0.00198509,,,0.8967522883093462,0.11209403603866827,0.19564379782924274,,5.111329932742343,,0.06582023826434827,0.13191868090687653,1166856.0,,5964186.0,,,,0.0,,30733.0,,624.0,,740.0,,646.0,,0.06,,0.0,,0.06,,30.22532983391181,,0.0001191054,,2.3643493848600003e-07,,"ILP/pipeline, Branch, Memory/cache, TLB"
radixsort,1000,serial,1,1,0.001780134,,,1.0,1.0,0.7035547849373625,,1.421353420386488,,0.08520267611176702,0.25793854691193097,912163.0,,1296506.0,,,,0.0,,16621.0,,639.0,,608.0,,573.0,,0.05,,0.0,,0.05,,28.08777316763794,,8.90067e-05,,1.584438528978e-07,,"ILP/pipeline, Branch, Memory/cache, TLB"
shellsort,100,parallel,2,1,0.001734518,,,0.9719135229498915,0.48595676147494576,0.5855772013221092,,1.7077167583406796,,0.09378710391122283,0.2300673957273652,805390.0,,1375378.0,,,,0.0,,17361.0,,667.0,,647.0,,623.0,,0.06,,0.0,,0.06,,34.59174248984444,,0.00010407107999999999,,1.8051316153944e-07,,"ILP/pipeline, Branch, Memory/cache, TLB"
shellsort,100,parallel,4,1,0.0017929274999999999,,,0.9402507909550163,0.23506269773875407,0.4519229191035751,,2.212766730183942,,0.08924390502852608,0.2165532879818594,826022.0,,1827794.0,,,,0.0,,19092.0,,648.0,,724.0,,706.0,,0.06,,0.0,,0.06,,33.46482219721656,,0.00010757564999999999,,1.9287534121537497e-07,,"ILP/pipeline, Branch, Memory/cache, TLB"
shellsort,100,parallel,8,1,0.0019825105,,,0.8503367321383669,0.10629209151729586,0.23659784193216726,,4.226581239429481,,0.07967049046002575,0.2001270737733851,907595.0,,3836024.0,,,,0.0,,19563.0,,599.0,,700.0,,695.0,,0.03,,0.0,,0.03,,15.132328429029757,,5.9475315e-05,,1.179104364783075e-07,,"ILP/pipeline, Branch, Memory/cache, TLB"
shellsort,100,serial,1,1,0.0016858015,,,1.0,1.0,0.6582014625780617,,1.5192916710989557,,0.09353592705673695,0.22024609477266777,780259.0,,1185441.0,,,,0.0,,16315.0,,607.0,,588.0,,641.0,,0.06,,0.0,,0.06,,35.59137893755582,,0.00010114809,,1.7051560184413498e-07,,"ILP/pipeline, Branch, Memory/cache, TLB"
shellsort,500,parallel,2,1,0.001781574,,,0.951892539967467,0.4759462699837335,0.5913254968156765,,1.69111598499483,,0.09687891295274312,0.19452346585574348,917817.0,,1552135.0,,,,0.0,,20977.0,,650.0,,716.0,,688.0,,0.05,,0.0,,0.05,,28.06507054997435,,8.90787e-05,,1.587002958738e-07,,"ILP/pipeline, Branch, Memory/cache, TLB"
shellsort,500,parallel,4,1,0.00184416,,,0.9195877798021863,0.22989694495054658,0.42393471907777747,,2.358853745631847,,0.09298011536954462,0.1422649978769436,942618.0,,2223498.0,,,,0.0,,25647.0,,630.0,,646.0,,703.0,,0.06,,0.0,,0.06,,32.535137948984904,,0.0001106496,,2.0405556633600002e-07,,"ILP/pipeline, Branch, Memory/cache, TLB"
shellsort,500,parallel,8,1,0.0019631774999999997,,,0.8638378343272578,0.10797972929090723,0.23154298348564684,,4.318852529867264,,0.08317190226876091,0.13908667705691205,1029639.0,,4446859.0,,,,0.0,,27235.0,,636.0,,730.0,,696.0,,0.06,,0.0,,0.06,,30.56269746367815,,0.00011779064999999997,,2.312439537903749e-07,,"ILP/pipeline, Branch, Memory/cache, TLB"
shellsort,500,serial,1,1,0.001695867,,,1.0,1.0,0.6796887279427442,,1.4712617097928957,,0.09772651055833835,0.2248001254115065,873521.0,,1285178.0,,,,0.0,,16341.0,,583.0,,592.0,,578.0,,0.06,,0.0,,0.06,,35.38013299391992,,0.00010175202,,1.7255789290134e-07,,"ILP/pipeline, Branch, Memory/cache, TLB"
shellsort,1000,parallel,2,1,0.002944103,,,0.5990459572915757,0.29952297864578786,0.6702959737745231,,1.4918782733676155,,0.08723295576743853,0.19688520933649972,1072863.0,,1600581.0,,,,0.0,,24836.0,,559.0,,624.0,,644.0,,0.05,,0.0,,0.05,,16.983101474370972,,0.00014720515000000002,,4.3338712373045007e-07,,"ILP/pipeline, Branch, Memory/cache, TLB"
shellsort,1000,parallel,4,1,0.0018043895000000002,,,0.9774236660100272,0.2443559165025068,0.4422472695937714,,2.261178460001698,,0.09883996572527153,0.12189139030097636,1095209.0,,2476463.0,,,,0.0,,33194.0,,599.0,,658.0,,630.0,,0.06,,0.0,,0.06,,33.25224404154424,,0.00010826337,,1.9534928806261503e-07,,"ILP/pipeline, Branch, Memory/cache, TLB"
shellsort,1000,parallel,8,1,0.002000297,,,0.8816955682081211,0.11021194602601514,0.21763785272133035,,4.594788946389892,,0.08430807418123638,0.12159558320422176,1212346.0,,5570474.0,,,,0.0,,35474.0,,619.0,,712.0,,744.0,,0.05,,0.0,,0.05,,24.996288051224397,,0.00010001485,,2.0005940441044997e-07,,"ILP/pipeline, Branch, Memory/cache, TLB"
shellsort,1000,serial,1,1,0.001763653,,,1.0,1.0,0.7021629314851823,,1.42417087994783,,0.10081988867311516,0.22682340368688217,1005946.0,,1432639.0,,,,0.0,,16426.0,,651.0,,581.0,,562.0,,0.06,,0.0,,0.06,,34.02029764358408,,0.00010581918,,1.8662831426454e-07,,"ILP/pipeline, Branch, Memory/cache, TLB"
smoothsort,100,parallel,2,1,0.0026011345000000003,,,0.6451369585079125,0.32256847925395626,0.5961057694063343,,1.6775546410092737,,0.07996943988323299,0.26405150214592277,816191.0,,1369205.0,,,,0.0,,17107.0,,612.0,,635.0,,599.0,,0.04,,0.0,,0.04,,15.377905294785792,,0.00010404538000000001,,2.7063602748361005e-07,,"ILP/pipeline, Branch, Memory/cache, TLB"
smoothsort,100,parallel,4,1,0.0017259929999999999,,,0.9722449627547737,0.24306124068869342,0.4691680251793378,,2.1314325493894293,,0.09037404597138471,0.21576841906321856,830289.0,,1769705.0,,,,0.0,,17518.0,,677.0,,662.0,,664.0,,0.03,,0.0,,0.03,,17.38129876540635,,5.1779789999999994e-05,,8.937155508146999e-08,,"ILP/pipeline, Branch, Memory/cache, TLB"
smoothsort,100,parallel,8,1,0.001931402,,,0.8688444974169023,0.10860556217711279,0.23721685389226602,,4.215552072257725,,0.0786804859021509,0.2222721620447361,912290.0,,3845806.0,,,,0.0,,18293.0,,619.0,,712.0,,664.0,,0.06,,0.0,,0.06,,31.065516138017873,,0.00011588412,,2.2381882113624e-07,,"ILP/pipeline, Branch, Memory/cache, TLB"
smoothsort,100,serial,1,1,0.0016780879999999999,,,1.0,1.0,0.6810087102246866,,1.4684099997341709,,0.09347686242571249,0.23666038920276208,789981.0,,1160016.0,,,,0.0,,16243.0,,669.0,,592.0,,567.0,,0.05,,0.0,,0.05,,29.79581523734155,,8.39044e-05,,1.407989667872e-07,,"ILP/pipeline, Branch, Memory/cache, TLB"
smoothsort,500,parallel,2,1,0.0017521385,,,0.9457899589558701,0.4728949794779351,0.5962137740033443,,1.677250750658422,,0.09639874970989516,0.2322640394717933,959491.0,,1609307.0,,,,0.0,,17107.0,,612.0,,625.0,,649.0,,0.08,,0.0,,0.08,,45.65849103823699,,0.00014017108,,2.4559914585458e-07,,"ILP/pipeline, Branch, Memory/cache, TLB"
smoothsort,500,parallel,4,1,0.0018012825000000001,,,0.919986176515899,0.22999654412897474,0.43224320973049235,,2.313512340942289,,0.09403542663958295,0.22232603734280945,986513.0,,2282310.0,,,,0.0,,17574.0,,578.0,,640.0,,649.0,,0.06,,0.0,,0.06,,33.30960024316008,,0.00010807695,,1.9467711868837502e-07,,"ILP/pipeline, Branch, Memory/cache, TLB"
smoothsort,500,parallel,8,1,0.002976363,,,0.5567718050520047,0.06959647563150059,0.24734641941683883,,4.0429127794033555,,0.07152696035462947,0.24775187812686003,1073806.0,,4341304.0,,,,0.0,,18227.0,,601.0,,708.0,,711.0,,0.05,,0.0,,0.05,,16.799026194049585,,0.00014881815000000002,,4.429368353884501e-07,,"ILP/pipeline, Branch, Memory/cache, TLB"
smoothsort,500,serial,1,1,0.001657155,,,1.0,1.0,0.7158481246916871,,1.3969443594347557,,0.09472730788410458,0.22290421292342727,934534.0,,1305492.0,,,,0.0,,16226.0,,609.0,,565.0,,628.0,,0.05,,0.0,,0.05,,30.172192703760363,,8.285775000000001e-05,,1.3730813470125e-07,,"ILP/pipeline, Branch, Memory/cache, TLB"
smoothsort,1000,parallel,2,1,0.001759246,,,0.9736949806905913,0.4868474903452957,0.6142466161474255,,1.628010596577694,,0.09719079236399505,0.23480622310926433,1163017.0,,1893404.0,,,,0.0,,17235.0,,599.0,,619.0,,625.0,,0.06,,0.0,,0.06,,34.105520205815445,,0.00010555475999999998,,1.8569678931095996e-07,,"ILP/pipeline, Branch, Memory/cache, TLB"
smoothsort,1000,parallel,4,1,0.0018031100000000001,,,0.9500080416613517,0.23750201041533792,0.4152857149273383,,2.4079807324337366,,0.09451386400242585,0.22683099895107053,1202020.0,,2894441.0,,,,0.0,,17606.0,,604.0,,619.0,,609.0,,0.06,,0.0,,0.06,,33.27584007631259,,0.0001081866,,1.95072340326e-07,,"ILP/pipeline, Branch, Memory/cache, TLB"
smoothsort,1000,parallel,8,1,0.0021585535000000003,,,0.7935726401963166,0.09919658002453957,0.22912756998063827,,4.364380943264496,,0.08109889204662465,0.19717867400670178,1316301.0,,5744839.0,,,,0.0,,18428.0,,634.0,,674.0,,625.0,,0.05,,0.0,,0.05,,23.163660293803233,,0.00010792767500000003,,2.329676606181126e-07,,"ILP/pipeline, Branch, Memory/cache, TLB"
smoothsort,1000,serial,1,1,0.001712969,,,1.0,1.0,0.7405970603188734,,1.3502619083708454,,0.09894843206768399,0.2328645342531515,1134748.0,,1532207.0,,,,0.0,,16384.0,,586.0,,586.0,,575.0,,0.05,,0.0,,0.05,,29.18908631738228,,8.564845000000001e-05,,1.4671313974805e-07,,"ILP/pipeline, Branch, Memory/cache, TLB"
